time,x,E_order,I_order,y,dataset
1,0.7231349374277181,1,1,2,1
2,2.592017526371689,1,1,4,1
3,7.117860144233704,1,1,2,1
4,19.264202938392287,1,1,7,1
5,51.67066586301735,1,1,20,1
6,135.52052712580388,1,1,268,1
7,335.71325684110525,1,1,338,1
8,728.36319958501,1,1,746,1
9,1226.2381864883787,1,1,309,1
10,1450.2159147498373,1,1,1380,1
11,1236.4809069037447,1,1,963,1
12,864.2286816026663,1,1,655,1
13,554.1460428815599,1,1,624,1
14,344.21893616349644,1,1,230,1
15,211.33063577201938,1,1,164,1
16,129.1345843578738,1,1,187,1
17,78.74268384937204,1,1,140,1
18,47.9669545949173,1,1,39,1
19,29.205497459422077,1,1,39,1
20,17.778598011012946,1,1,35,1
21,10.822073656225257,1,1,23,1
22,6.587897827106644,1,1,10,1
23,4.010835585025234,1,1,8,1
24,2.442268509898895,1,1,2,1
25,1.4874257647061313,1,1,2,1
26,0.9060854375447889,1,1,2,1
27,0.5520782864632565,1,1,1,1
28,0.3364600377926763,1,1,0,1
29,0.2051019523096329,1,1,0,1
30,0.125057779277995,1,1,0,1
1,0.8082990658314515,1,2,1,1
2,3.172797315415183,1,2,4,1
3,9.51137872116648,1,2,13,1
4,28.110124322361457,1,2,23,1
5,81.90152895205742,1,2,31,1
6,229.17716207397257,1,2,138,1
7,575.9711708459901,1,2,160,1
8,1138.553296788195,1,2,412,1
9,1525.5428197501697,1,2,1666,1
10,1369.848466157684,1,2,868,1
11,960.321885524605,1,2,1680,1
12,610.6046831559033,1,2,460,1
13,376.70232296147697,1,2,320,1
14,230.2453327998719,1,2,258,1
15,140.26675498395798,1,2,32,1
16,85.33524221826156,1,2,114,1
17,51.88299060712325,1,2,22,1
18,31.53401876638509,1,2,42,1
19,19.16268139731801,1,2,19,1
20,11.643663770680178,1,2,16,1
21,7.07453619818898,1,2,4,1
22,4.298250417397867,1,2,3,1
23,2.611421204938779,1,2,3,1
24,1.5865623168810998,1,2,1,1
25,0.9639053834089282,1,2,2,1
26,0.5856119795962513,1,2,0,1
27,0.35578242231440527,1,2,0,1
28,0.2161515881671221,1,2,0,1
29,0.1313203488743966,1,2,0,1
30,0.07978209251723456,1,2,0,1
1,0.834890984469858,1,3,0,1
2,3.413217975833846,1,3,0,1
3,10.585007319545209,1,3,14,1
4,32.35448348796625,1,3,57,1
5,97.23707616176264,1,3,83,1
6,277.9336463450025,1,3,291,1
7,694.4288742425506,1,3,930,1
8,1296.1839460362946,1,3,607,1
9,1567.8270729498122,1,3,671,1
10,1283.9269537152331,1,3,1287,1
11,858.1308188309222,1,3,903,1
12,535.9996121825434,1,3,670,1
13,328.5732872432918,1,3,269,1
14,200.29845107421625,1,3,105,1
15,121.85987410128291,1,3,111,1
16,74.07623919886464,1,3,12,1
17,45.01126487168494,1,3,57,1
18,27.344559422224847,1,3,39,1
19,16.609979358835517,1,3,22,1
20,10.08875377234017,1,3,11,1
21,6.127572125907136,1,3,5,1
22,3.7215930549864424,1,3,7,1
23,2.2602841663128856,1,3,1,1
24,1.3727561642881483,1,3,3,1
25,0.8337223821745283,1,3,1,1
26,0.5063468622183791,1,3,2,1
27,0.3075204051065157,1,3,0,1
28,0.18676661118570337,1,3,0,1
29,0.1134290322970628,1,3,0,1
30,0.06888886436809116,1,3,0,1
1,0.8460144837197614,1,4,0,1
2,3.5415988731850785,1,4,2,1
3,11.180355489719314,1,4,2,1
4,34.780630098215504,1,4,6,1
5,106.22438352889904,1,4,74,1
6,306.7424562059035,1,4,691,1
7,761.8915861889868,1,4,654,1
8,1373.7749549857608,1,4,781,1
9,1573.1681396464141,1,4,2016,1
10,1233.5283379006923,1,4,284,1
11,808.3043181722915,1,4,157,1
12,501.48513457053014,1,4,353,1
13,306.6960737036907,1,4,283,1
14,186.77912537263455,1,4,218,1
15,113.57731755416899,1,4,174,1
16,69.01971355041678,1,4,36,1
17,41.92928445761572,1,4,18,1
18,25.467661387228873,1,4,45,1
19,15.46749953309154,1,4,15,1
20,9.39350689996536,1,4,6,1
21,5.704553260427019,1,4,1,1
22,3.4642347975086523,1,4,0,1
23,2.103720694319236,1,4,2,1
24,1.2775145980986053,1,4,0,1
25,0.7757858786708312,1,4,3,1
26,0.47110398966196954,1,4,0,1
27,0.2860823309456464,1,4,0,1
28,0.1737260277441237,1,4,0,1
29,0.10549660918968584,1,4,1,1
30,0.06406369225624076,1,4,0,1
1,0.7231349374277181,1,1,0,2
2,2.592017526371689,1,1,1,2
3,7.117860144233704,1,1,7,2
4,19.264202938392287,1,1,8,2
5,51.67066586301735,1,1,74,2
6,135.52052712580388,1,1,153,2
7,335.71325684110525,1,1,198,2
8,728.36319958501,1,1,322,2
9,1226.2381864883787,1,1,641,2
10,1450.2159147498373,1,1,1354,2
11,1236.4809069037447,1,1,1534,2
12,864.2286816026663,1,1,1575,2
13,554.1460428815599,1,1,311,2
14,344.21893616349644,1,1,334,2
15,211.33063577201938,1,1,375,2
16,129.1345843578738,1,1,42,2
17,78.74268384937204,1,1,29,2
18,47.9669545949173,1,1,21,2
19,29.205497459422077,1,1,20,2
20,17.778598011012946,1,1,32,2
21,10.822073656225257,1,1,9,2
22,6.587897827106644,1,1,2,2
23,4.010835585025234,1,1,7,2
24,2.442268509898895,1,1,4,2
25,1.4874257647061313,1,1,2,2
26,0.9060854375447889,1,1,0,2
27,0.5520782864632565,1,1,2,2
28,0.3364600377926763,1,1,0,2
29,0.2051019523096329,1,1,1,2
30,0.125057779277995,1,1,0,2
1,0.8082990658314515,1,2,0,2
2,3.172797315415183,1,2,1,2
3,9.51137872116648,1,2,5,2
4,28.110124322361457,1,2,39,2
5,81.90152895205742,1,2,137,2
6,229.17716207397257,1,2,220,2
7,575.9711708459901,1,2,193,2
8,1138.553296788195,1,2,3724,2
9,1525.5428197501697,1,2,2518,2
10,1369.848466157684,1,2,1493,2
11,960.321885524605,1,2,1290,2
12,610.6046831559033,1,2,690,2
13,376.70232296147697,1,2,518,2
14,230.2453327998719,1,2,157,2
15,140.26675498395798,1,2,99,2
16,85.33524221826156,1,2,45,2
17,51.88299060712325,1,2,46,2
18,31.53401876638509,1,2,52,2
19,19.16268139731801,1,2,10,2
20,11.643663770680178,1,2,11,2
21,7.07453619818898,1,2,5,2
22,4.298250417397867,1,2,2,2
23,2.611421204938779,1,2,1,2
24,1.5865623168810998,1,2,3,2
25,0.9639053834089282,1,2,0,2
26,0.5856119795962513,1,2,0,2
27,0.35578242231440527,1,2,0,2
28,0.2161515881671221,1,2,0,2
29,0.1313203488743966,1,2,0,2
30,0.07978209251723456,1,2,0,2
1,0.834890984469858,1,3,2,2
2,3.413217975833846,1,3,10,2
3,10.585007319545209,1,3,13,2
4,32.35448348796625,1,3,10,2
5,97.23707616176264,1,3,174,2
6,277.9336463450025,1,3,198,2
7,694.4288742425506,1,3,552,2
8,1296.1839460362946,1,3,670,2
9,1567.8270729498122,1,3,2500,2
10,1283.9269537152331,1,3,2687,2
11,858.1308188309222,1,3,927,2
12,535.9996121825434,1,3,723,2
13,328.5732872432918,1,3,174,2
14,200.29845107421625,1,3,293,2
15,121.85987410128291,1,3,188,2
16,74.07623919886464,1,3,86,2
17,45.01126487168494,1,3,32,2
18,27.344559422224847,1,3,42,2
19,16.609979358835517,1,3,20,2
20,10.08875377234017,1,3,7,2
21,6.127572125907136,1,3,1,2
22,3.7215930549864424,1,3,3,2
23,2.2602841663128856,1,3,7,2
24,1.3727561642881483,1,3,2,2
25,0.8337223821745283,1,3,2,2
26,0.5063468622183791,1,3,1,2
27,0.3075204051065157,1,3,0,2
28,0.18676661118570337,1,3,0,2
29,0.1134290322970628,1,3,0,2
30,0.06888886436809116,1,3,0,2
1,0.8460144837197614,1,4,0,2
2,3.5415988731850785,1,4,5,2
3,11.180355489719314,1,4,3,2
4,34.780630098215504,1,4,37,2
5,106.22438352889904,1,4,112,2
6,306.7424562059035,1,4,221,2
7,761.8915861889868,1,4,1362,2
8,1373.7749549857608,1,4,2631,2
9,1573.1681396464141,1,4,2620,2
10,1233.5283379006923,1,4,1965,2
11,808.3043181722915,1,4,821,2
12,501.48513457053014,1,4,529,2
13,306.6960737036907,1,4,53,2
14,186.77912537263455,1,4,373,2
15,113.57731755416899,1,4,180,2
16,69.01971355041678,1,4,61,2
17,41.92928445761572,1,4,71,2
18,25.467661387228873,1,4,36,2
19,15.46749953309154,1,4,1,2
20,9.39350689996536,1,4,8,2
21,5.704553260427019,1,4,3,2
22,3.4642347975086523,1,4,4,2
23,2.103720694319236,1,4,1,2
24,1.2775145980986053,1,4,1,2
25,0.7757858786708312,1,4,2,2
26,0.47110398966196954,1,4,1,2
27,0.2860823309456464,1,4,0,2
28,0.1737260277441237,1,4,0,2
29,0.10549660918968584,1,4,0,2
30,0.06406369225624076,1,4,0,2
1,0.7231349374277181,1,1,0,3
2,2.592017526371689,1,1,0,3
3,7.117860144233704,1,1,8,3
4,19.264202938392287,1,1,5,3
5,51.67066586301735,1,1,48,3
6,135.52052712580388,1,1,78,3
7,335.71325684110525,1,1,228,3
8,728.36319958501,1,1,513,3
9,1226.2381864883787,1,1,2263,3
10,1450.2159147498373,1,1,1679,3
11,1236.4809069037447,1,1,1118,3
12,864.2286816026663,1,1,270,3
13,554.1460428815599,1,1,724,3
14,344.21893616349644,1,1,451,3
15,211.33063577201938,1,1,196,3
16,129.1345843578738,1,1,122,3
17,78.74268384937204,1,1,76,3
18,47.9669545949173,1,1,41,3
19,29.205497459422077,1,1,9,3
20,17.778598011012946,1,1,5,3
21,10.822073656225257,1,1,8,3
22,6.587897827106644,1,1,4,3
23,4.010835585025234,1,1,4,3
24,2.442268509898895,1,1,2,3
25,1.4874257647061313,1,1,0,3
26,0.9060854375447889,1,1,0,3
27,0.5520782864632565,1,1,0,3
28,0.3364600377926763,1,1,0,3
29,0.2051019523096329,1,1,0,3
30,0.125057779277995,1,1,0,3
1,0.8082990658314515,1,2,0,3
2,3.172797315415183,1,2,3,3
3,9.51137872116648,1,2,9,3
4,28.110124322361457,1,2,48,3
5,81.90152895205742,1,2,32,3
6,229.17716207397257,1,2,309,3
7,575.9711708459901,1,2,429,3
8,1138.553296788195,1,2,760,3
9,1525.5428197501697,1,2,562,3
10,1369.848466157684,1,2,659,3
11,960.321885524605,1,2,555,3
12,610.6046831559033,1,2,573,3
13,376.70232296147697,1,2,269,3
14,230.2453327998719,1,2,351,3
15,140.26675498395798,1,2,93,3
16,85.33524221826156,1,2,16,3
17,51.88299060712325,1,2,18,3
18,31.53401876638509,1,2,17,3
19,19.16268139731801,1,2,27,3
20,11.643663770680178,1,2,12,3
21,7.07453619818898,1,2,0,3
22,4.298250417397867,1,2,3,3
23,2.611421204938779,1,2,3,3
24,1.5865623168810998,1,2,4,3
25,0.9639053834089282,1,2,4,3
26,0.5856119795962513,1,2,0,3
27,0.35578242231440527,1,2,0,3
28,0.2161515881671221,1,2,1,3
29,0.1313203488743966,1,2,0,3
30,0.07978209251723456,1,2,0,3
1,0.834890984469858,1,3,1,3
2,3.413217975833846,1,3,3,3
3,10.585007319545209,1,3,4,3
4,32.35448348796625,1,3,4,3
5,97.23707616176264,1,3,64,3
6,277.9336463450025,1,3,344,3
7,694.4288742425506,1,3,747,3
8,1296.1839460362946,1,3,1514,3
9,1567.8270729498122,1,3,396,3
10,1283.9269537152331,1,3,1168,3
11,858.1308188309222,1,3,459,3
12,535.9996121825434,1,3,749,3
13,328.5732872432918,1,3,339,3
14,200.29845107421625,1,3,26,3
15,121.85987410128291,1,3,51,3
16,74.07623919886464,1,3,43,3
17,45.01126487168494,1,3,27,3
18,27.344559422224847,1,3,25,3
19,16.609979358835517,1,3,17,3
20,10.08875377234017,1,3,4,3
21,6.127572125907136,1,3,2,3
22,3.7215930549864424,1,3,3,3
23,2.2602841663128856,1,3,2,3
24,1.3727561642881483,1,3,1,3
25,0.8337223821745283,1,3,1,3
26,0.5063468622183791,1,3,0,3
27,0.3075204051065157,1,3,0,3
28,0.18676661118570337,1,3,0,3
29,0.1134290322970628,1,3,0,3
30,0.06888886436809116,1,3,0,3
1,0.8460144837197614,1,4,2,3
2,3.5415988731850785,1,4,2,3
3,11.180355489719314,1,4,2,3
4,34.780630098215504,1,4,52,3
5,106.22438352889904,1,4,198,3
6,306.7424562059035,1,4,252,3
7,761.8915861889868,1,4,502,3
8,1373.7749549857608,1,4,820,3
9,1573.1681396464141,1,4,1241,3
10,1233.5283379006923,1,4,1833,3
11,808.3043181722915,1,4,1989,3
12,501.48513457053014,1,4,57,3
13,306.6960737036907,1,4,530,3
14,186.77912537263455,1,4,78,3
15,113.57731755416899,1,4,144,3
16,69.01971355041678,1,4,65,3
17,41.92928445761572,1,4,21,3
18,25.467661387228873,1,4,38,3
19,15.46749953309154,1,4,13,3
20,9.39350689996536,1,4,27,3
21,5.704553260427019,1,4,10,3
22,3.4642347975086523,1,4,7,3
23,2.103720694319236,1,4,3,3
24,1.2775145980986053,1,4,0,3
25,0.7757858786708312,1,4,1,3
26,0.47110398966196954,1,4,0,3
27,0.2860823309456464,1,4,0,3
28,0.1737260277441237,1,4,0,3
29,0.10549660918968584,1,4,0,3
30,0.06406369225624076,1,4,0,3
1,0.7231349374277181,1,1,4,4
2,2.592017526371689,1,1,3,4
3,7.117860144233704,1,1,18,4
4,19.264202938392287,1,1,15,4
5,51.67066586301735,1,1,64,4
6,135.52052712580388,1,1,180,4
7,335.71325684110525,1,1,580,4
8,728.36319958501,1,1,983,4
9,1226.2381864883787,1,1,1002,4
10,1450.2159147498373,1,1,747,4
11,1236.4809069037447,1,1,1700,4
12,864.2286816026663,1,1,346,4
13,554.1460428815599,1,1,449,4
14,344.21893616349644,1,1,266,4
15,211.33063577201938,1,1,308,4
16,129.1345843578738,1,1,188,4
17,78.74268384937204,1,1,101,4
18,47.9669545949173,1,1,70,4
19,29.205497459422077,1,1,76,4
20,17.778598011012946,1,1,28,4
21,10.822073656225257,1,1,9,4
22,6.587897827106644,1,1,10,4
23,4.010835585025234,1,1,8,4
24,2.442268509898895,1,1,1,4
25,1.4874257647061313,1,1,2,4
26,0.9060854375447889,1,1,1,4
27,0.5520782864632565,1,1,0,4
28,0.3364600377926763,1,1,1,4
29,0.2051019523096329,1,1,1,4
30,0.125057779277995,1,1,0,4
1,0.8082990658314515,1,2,1,4
2,3.172797315415183,1,2,2,4
3,9.51137872116648,1,2,10,4
4,28.110124322361457,1,2,38,4
5,81.90152895205742,1,2,164,4
6,229.17716207397257,1,2,117,4
7,575.9711708459901,1,2,1545,4
8,1138.553296788195,1,2,559,4
9,1525.5428197501697,1,2,1368,4
10,1369.848466157684,1,2,529,4
11,960.321885524605,1,2,722,4
12,610.6046831559033,1,2,407,4
13,376.70232296147697,1,2,394,4
14,230.2453327998719,1,2,115,4
15,140.26675498395798,1,2,43,4
16,85.33524221826156,1,2,45,4
17,51.88299060712325,1,2,25,4
18,31.53401876638509,1,2,17,4
19,19.16268139731801,1,2,5,4
20,11.643663770680178,1,2,16,4
21,7.07453619818898,1,2,18,4
22,4.298250417397867,1,2,1,4
23,2.611421204938779,1,2,1,4
24,1.5865623168810998,1,2,1,4
25,0.9639053834089282,1,2,1,4
26,0.5856119795962513,1,2,0,4
27,0.35578242231440527,1,2,0,4
28,0.2161515881671221,1,2,0,4
29,0.1313203488743966,1,2,0,4
30,0.07978209251723456,1,2,0,4
1,0.834890984469858,1,3,2,4
2,3.413217975833846,1,3,4,4
3,10.585007319545209,1,3,7,4
4,32.35448348796625,1,3,34,4
5,97.23707616176264,1,3,89,4
6,277.9336463450025,1,3,272,4
7,694.4288742425506,1,3,475,4
8,1296.1839460362946,1,3,1731,4
9,1567.8270729498122,1,3,2653,4
10,1283.9269537152331,1,3,1535,4
11,858.1308188309222,1,3,742,4
12,535.9996121825434,1,3,210,4
13,328.5732872432918,1,3,398,4
14,200.29845107421625,1,3,266,4
15,121.85987410128291,1,3,200,4
16,74.07623919886464,1,3,75,4
17,45.01126487168494,1,3,65,4
18,27.344559422224847,1,3,5,4
19,16.609979358835517,1,3,8,4
20,10.08875377234017,1,3,17,4
21,6.127572125907136,1,3,0,4
22,3.7215930549864424,1,3,3,4
23,2.2602841663128856,1,3,0,4
24,1.3727561642881483,1,3,0,4
25,0.8337223821745283,1,3,0,4
26,0.5063468622183791,1,3,0,4
27,0.3075204051065157,1,3,0,4
28,0.18676661118570337,1,3,0,4
29,0.1134290322970628,1,3,0,4
30,0.06888886436809116,1,3,0,4
1,0.8460144837197614,1,4,0,4
2,3.5415988731850785,1,4,2,4
3,11.180355489719314,1,4,17,4
4,34.780630098215504,1,4,31,4
5,106.22438352889904,1,4,101,4
6,306.7424562059035,1,4,173,4
7,761.8915861889868,1,4,1245,4
8,1373.7749549857608,1,4,1612,4
9,1573.1681396464141,1,4,498,4
10,1233.5283379006923,1,4,1087,4
11,808.3043181722915,1,4,526,4
12,501.48513457053014,1,4,600,4
13,306.6960737036907,1,4,329,4
14,186.77912537263455,1,4,207,4
15,113.57731755416899,1,4,85,4
16,69.01971355041678,1,4,25,4
17,41.92928445761572,1,4,60,4
18,25.467661387228873,1,4,31,4
19,15.46749953309154,1,4,14,4
20,9.39350689996536,1,4,13,4
21,5.704553260427019,1,4,3,4
22,3.4642347975086523,1,4,3,4
23,2.103720694319236,1,4,7,4
24,1.2775145980986053,1,4,1,4
25,0.7757858786708312,1,4,1,4
26,0.47110398966196954,1,4,0,4
27,0.2860823309456464,1,4,1,4
28,0.1737260277441237,1,4,1,4
29,0.10549660918968584,1,4,0,4
30,0.06406369225624076,1,4,0,4
1,0.7231349374277181,1,1,0,5
2,2.592017526371689,1,1,0,5
3,7.117860144233704,1,1,4,5
4,19.264202938392287,1,1,15,5
5,51.67066586301735,1,1,25,5
6,135.52052712580388,1,1,210,5
7,335.71325684110525,1,1,147,5
8,728.36319958501,1,1,617,5
9,1226.2381864883787,1,1,1459,5
10,1450.2159147498373,1,1,1563,5
11,1236.4809069037447,1,1,1025,5
12,864.2286816026663,1,1,677,5
13,554.1460428815599,1,1,796,5
14,344.21893616349644,1,1,543,5
15,211.33063577201938,1,1,256,5
16,129.1345843578738,1,1,105,5
17,78.74268384937204,1,1,51,5
18,47.9669545949173,1,1,50,5
19,29.205497459422077,1,1,18,5
20,17.778598011012946,1,1,15,5
21,10.822073656225257,1,1,23,5
22,6.587897827106644,1,1,7,5
23,4.010835585025234,1,1,0,5
24,2.442268509898895,1,1,2,5
25,1.4874257647061313,1,1,0,5
26,0.9060854375447889,1,1,0,5
27,0.5520782864632565,1,1,0,5
28,0.3364600377926763,1,1,1,5
29,0.2051019523096329,1,1,0,5
30,0.125057779277995,1,1,0,5
1,0.8082990658314515,1,2,2,5
2,3.172797315415183,1,2,4,5
3,9.51137872116648,1,2,18,5
4,28.110124322361457,1,2,28,5
5,81.90152895205742,1,2,49,5
6,229.17716207397257,1,2,138,5
7,575.9711708459901,1,2,411,5
8,1138.553296788195,1,2,798,5
9,1525.5428197501697,1,2,1742,5
10,1369.848466157684,1,2,830,5
11,960.321885524605,1,2,1527,5
12,610.6046831559033,1,2,446,5
13,376.70232296147697,1,2,209,5
14,230.2453327998719,1,2,409,5
15,140.26675498395798,1,2,98,5
16,85.33524221826156,1,2,105,5
17,51.88299060712325,1,2,56,5
18,31.53401876638509,1,2,19,5
19,19.16268139731801,1,2,24,5
20,11.643663770680178,1,2,31,5
21,7.07453619818898,1,2,9,5
22,4.298250417397867,1,2,9,5
23,2.611421204938779,1,2,2,5
24,1.5865623168810998,1,2,4,5
25,0.9639053834089282,1,2,3,5
26,0.5856119795962513,1,2,1,5
27,0.35578242231440527,1,2,0,5
28,0.2161515881671221,1,2,0,5
29,0.1313203488743966,1,2,0,5
30,0.07978209251723456,1,2,0,5
1,0.834890984469858,1,3,0,5
2,3.413217975833846,1,3,0,5
3,10.585007319545209,1,3,6,5
4,32.35448348796625,1,3,48,5
5,97.23707616176264,1,3,35,5
6,277.9336463450025,1,3,308,5
7,694.4288742425506,1,3,625,5
8,1296.1839460362946,1,3,928,5
9,1567.8270729498122,1,3,942,5
10,1283.9269537152331,1,3,1438,5
11,858.1308188309222,1,3,374,5
12,535.9996121825434,1,3,501,5
13,328.5732872432918,1,3,314,5
14,200.29845107421625,1,3,171,5
15,121.85987410128291,1,3,129,5
16,74.07623919886464,1,3,82,5
17,45.01126487168494,1,3,27,5
18,27.344559422224847,1,3,71,5
19,16.609979358835517,1,3,7,5
20,10.08875377234017,1,3,10,5
21,6.127572125907136,1,3,11,5
22,3.7215930549864424,1,3,5,5
23,2.2602841663128856,1,3,7,5
24,1.3727561642881483,1,3,7,5
25,0.8337223821745283,1,3,0,5
26,0.5063468622183791,1,3,0,5
27,0.3075204051065157,1,3,0,5
28,0.18676661118570337,1,3,0,5
29,0.1134290322970628,1,3,0,5
30,0.06888886436809116,1,3,0,5
1,0.8460144837197614,1,4,1,5
2,3.5415988731850785,1,4,1,5
3,11.180355489719314,1,4,3,5
4,34.780630098215504,1,4,44,5
5,106.22438352889904,1,4,72,5
6,306.7424562059035,1,4,336,5
7,761.8915861889868,1,4,843,5
8,1373.7749549857608,1,4,973,5
9,1573.1681396464141,1,4,1221,5
10,1233.5283379006923,1,4,619,5
11,808.3043181722915,1,4,489,5
12,501.48513457053014,1,4,132,5
13,306.6960737036907,1,4,361,5
14,186.77912537263455,1,4,622,5
15,113.57731755416899,1,4,137,5
16,69.01971355041678,1,4,60,5
17,41.92928445761572,1,4,62,5
18,25.467661387228873,1,4,27,5
19,15.46749953309154,1,4,8,5
20,9.39350689996536,1,4,18,5
21,5.704553260427019,1,4,6,5
22,3.4642347975086523,1,4,1,5
23,2.103720694319236,1,4,2,5
24,1.2775145980986053,1,4,1,5
25,0.7757858786708312,1,4,0,5
26,0.47110398966196954,1,4,0,5
27,0.2860823309456464,1,4,1,5
28,0.1737260277441237,1,4,0,5
29,0.10549660918968584,1,4,0,5
30,0.06406369225624076,1,4,0,5
1,0.7231349374277181,1,1,0,6
2,2.592017526371689,1,1,4,6
3,7.117860144233704,1,1,2,6
4,19.264202938392287,1,1,17,6
5,51.67066586301735,1,1,86,6
6,135.52052712580388,1,1,131,6
7,335.71325684110525,1,1,553,6
8,728.36319958501,1,1,658,6
9,1226.2381864883787,1,1,1986,6
10,1450.2159147498373,1,1,828,6
11,1236.4809069037447,1,1,1399,6
12,864.2286816026663,1,1,618,6
13,554.1460428815599,1,1,528,6
14,344.21893616349644,1,1,610,6
15,211.33063577201938,1,1,75,6
16,129.1345843578738,1,1,46,6
17,78.74268384937204,1,1,44,6
18,47.9669545949173,1,1,112,6
19,29.205497459422077,1,1,22,6
20,17.778598011012946,1,1,8,6
21,10.822073656225257,1,1,17,6
22,6.587897827106644,1,1,6,6
23,4.010835585025234,1,1,9,6
24,2.442268509898895,1,1,1,6
25,1.4874257647061313,1,1,0,6
26,0.9060854375447889,1,1,1,6
27,0.5520782864632565,1,1,0,6
28,0.3364600377926763,1,1,0,6
29,0.2051019523096329,1,1,0,6
30,0.125057779277995,1,1,0,6
1,0.8082990658314515,1,2,2,6
2,3.172797315415183,1,2,11,6
3,9.51137872116648,1,2,7,6
4,28.110124322361457,1,2,11,6
5,81.90152895205742,1,2,82,6
6,229.17716207397257,1,2,118,6
7,575.9711708459901,1,2,443,6
8,1138.553296788195,1,2,285,6
9,1525.5428197501697,1,2,821,6
10,1369.848466157684,1,2,1907,6
11,960.321885524605,1,2,638,6
12,610.6046831559033,1,2,865,6
13,376.70232296147697,1,2,177,6
14,230.2453327998719,1,2,256,6
15,140.26675498395798,1,2,210,6
16,85.33524221826156,1,2,69,6
17,51.88299060712325,1,2,52,6
18,31.53401876638509,1,2,22,6
19,19.16268139731801,1,2,31,6
20,11.643663770680178,1,2,5,6
21,7.07453619818898,1,2,3,6
22,4.298250417397867,1,2,6,6
23,2.611421204938779,1,2,3,6
24,1.5865623168810998,1,2,2,6
25,0.9639053834089282,1,2,0,6
26,0.5856119795962513,1,2,0,6
27,0.35578242231440527,1,2,0,6
28,0.2161515881671221,1,2,0,6
29,0.1313203488743966,1,2,0,6
30,0.07978209251723456,1,2,0,6
1,0.834890984469858,1,3,0,6
2,3.413217975833846,1,3,5,6
3,10.585007319545209,1,3,1,6
4,32.35448348796625,1,3,4,6
5,97.23707616176264,1,3,166,6
6,277.9336463450025,1,3,97,6
7,694.4288742425506,1,3,729,6
8,1296.1839460362946,1,3,2773,6
9,1567.8270729498122,1,3,1528,6
10,1283.9269537152331,1,3,4807,6
11,858.1308188309222,1,3,338,6
12,535.9996121825434,1,3,447,6
13,328.5732872432918,1,3,74,6
14,200.29845107421625,1,3,125,6
15,121.85987410128291,1,3,31,6
16,74.07623919886464,1,3,42,6
17,45.01126487168494,1,3,33,6
18,27.344559422224847,1,3,17,6
19,16.609979358835517,1,3,15,6
20,10.08875377234017,1,3,6,6
21,6.127572125907136,1,3,0,6
22,3.7215930549864424,1,3,0,6
23,2.2602841663128856,1,3,1,6
24,1.3727561642881483,1,3,3,6
25,0.8337223821745283,1,3,0,6
26,0.5063468622183791,1,3,0,6
27,0.3075204051065157,1,3,1,6
28,0.18676661118570337,1,3,0,6
29,0.1134290322970628,1,3,0,6
30,0.06888886436809116,1,3,0,6
1,0.8460144837197614,1,4,0,6
2,3.5415988731850785,1,4,1,6
3,11.180355489719314,1,4,18,6
4,34.780630098215504,1,4,12,6
5,106.22438352889904,1,4,49,6
6,306.7424562059035,1,4,97,6
7,761.8915861889868,1,4,1458,6
8,1373.7749549857608,1,4,2509,6
9,1573.1681396464141,1,4,2311,6
10,1233.5283379006923,1,4,1543,6
11,808.3043181722915,1,4,307,6
12,501.48513457053014,1,4,436,6
13,306.6960737036907,1,4,254,6
14,186.77912537263455,1,4,61,6
15,113.57731755416899,1,4,43,6
16,69.01971355041678,1,4,12,6
17,41.92928445761572,1,4,71,6
18,25.467661387228873,1,4,23,6
19,15.46749953309154,1,4,10,6
20,9.39350689996536,1,4,6,6
21,5.704553260427019,1,4,7,6
22,3.4642347975086523,1,4,4,6
23,2.103720694319236,1,4,3,6
24,1.2775145980986053,1,4,3,6
25,0.7757858786708312,1,4,0,6
26,0.47110398966196954,1,4,1,6
27,0.2860823309456464,1,4,0,6
28,0.1737260277441237,1,4,0,6
29,0.10549660918968584,1,4,0,6
30,0.06406369225624076,1,4,0,6
1,0.7231349374277181,1,1,0,7
2,2.592017526371689,1,1,2,7
3,7.117860144233704,1,1,12,7
4,19.264202938392287,1,1,15,7
5,51.67066586301735,1,1,50,7
6,135.52052712580388,1,1,251,7
7,335.71325684110525,1,1,115,7
8,728.36319958501,1,1,463,7
9,1226.2381864883787,1,1,2062,7
10,1450.2159147498373,1,1,2382,7
11,1236.4809069037447,1,1,458,7
12,864.2286816026663,1,1,421,7
13,554.1460428815599,1,1,554,7
14,344.21893616349644,1,1,513,7
15,211.33063577201938,1,1,159,7
16,129.1345843578738,1,1,62,7
17,78.74268384937204,1,1,38,7
18,47.9669545949173,1,1,97,7
19,29.205497459422077,1,1,42,7
20,17.778598011012946,1,1,17,7
21,10.822073656225257,1,1,2,7
22,6.587897827106644,1,1,4,7
23,4.010835585025234,1,1,3,7
24,2.442268509898895,1,1,7,7
25,1.4874257647061313,1,1,0,7
26,0.9060854375447889,1,1,0,7
27,0.5520782864632565,1,1,0,7
28,0.3364600377926763,1,1,0,7
29,0.2051019523096329,1,1,0,7
30,0.125057779277995,1,1,0,7
1,0.8082990658314515,1,2,0,7
2,3.172797315415183,1,2,1,7
3,9.51137872116648,1,2,8,7
4,28.110124322361457,1,2,44,7
5,81.90152895205742,1,2,45,7
6,229.17716207397257,1,2,95,7
7,575.9711708459901,1,2,555,7
8,1138.553296788195,1,2,1598,7
9,1525.5428197501697,1,2,869,7
10,1369.848466157684,1,2,1053,7
11,960.321885524605,1,2,609,7
12,610.6046831559033,1,2,1001,7
13,376.70232296147697,1,2,505,7
14,230.2453327998719,1,2,254,7
15,140.26675498395798,1,2,251,7
16,85.33524221826156,1,2,83,7
17,51.88299060712325,1,2,25,7
18,31.53401876638509,1,2,17,7
19,19.16268139731801,1,2,6,7
20,11.643663770680178,1,2,2,7
21,7.07453619818898,1,2,9,7
22,4.298250417397867,1,2,2,7
23,2.611421204938779,1,2,0,7
24,1.5865623168810998,1,2,0,7
25,0.9639053834089282,1,2,2,7
26,0.5856119795962513,1,2,2,7
27,0.35578242231440527,1,2,0,7
28,0.2161515881671221,1,2,0,7
29,0.1313203488743966,1,2,0,7
30,0.07978209251723456,1,2,1,7
1,0.834890984469858,1,3,2,7
2,3.413217975833846,1,3,2,7
3,10.585007319545209,1,3,13,7
4,32.35448348796625,1,3,26,7
5,97.23707616176264,1,3,221,7
6,277.9336463450025,1,3,443,7
7,694.4288742425506,1,3,224,7
8,1296.1839460362946,1,3,697,7
9,1567.8270729498122,1,3,2193,7
10,1283.9269537152331,1,3,1440,7
11,858.1308188309222,1,3,1810,7
12,535.9996121825434,1,3,525,7
13,328.5732872432918,1,3,342,7
14,200.29845107421625,1,3,171,7
15,121.85987410128291,1,3,149,7
16,74.07623919886464,1,3,71,7
17,45.01126487168494,1,3,16,7
18,27.344559422224847,1,3,39,7
19,16.609979358835517,1,3,23,7
20,10.08875377234017,1,3,22,7
21,6.127572125907136,1,3,2,7
22,3.7215930549864424,1,3,2,7
23,2.2602841663128856,1,3,1,7
24,1.3727561642881483,1,3,1,7
25,0.8337223821745283,1,3,1,7
26,0.5063468622183791,1,3,0,7
27,0.3075204051065157,1,3,0,7
28,0.18676661118570337,1,3,1,7
29,0.1134290322970628,1,3,0,7
30,0.06888886436809116,1,3,0,7
1,0.8460144837197614,1,4,0,7
2,3.5415988731850785,1,4,0,7
3,11.180355489719314,1,4,15,7
4,34.780630098215504,1,4,25,7
5,106.22438352889904,1,4,72,7
6,306.7424562059035,1,4,422,7
7,761.8915861889868,1,4,1750,7
8,1373.7749549857608,1,4,2097,7
9,1573.1681396464141,1,4,2708,7
10,1233.5283379006923,1,4,1254,7
11,808.3043181722915,1,4,615,7
12,501.48513457053014,1,4,499,7
13,306.6960737036907,1,4,273,7
14,186.77912537263455,1,4,84,7
15,113.57731755416899,1,4,146,7
16,69.01971355041678,1,4,93,7
17,41.92928445761572,1,4,38,7
18,25.467661387228873,1,4,58,7
19,15.46749953309154,1,4,19,7
20,9.39350689996536,1,4,9,7
21,5.704553260427019,1,4,2,7
22,3.4642347975086523,1,4,4,7
23,2.103720694319236,1,4,2,7
24,1.2775145980986053,1,4,0,7
25,0.7757858786708312,1,4,1,7
26,0.47110398966196954,1,4,1,7
27,0.2860823309456464,1,4,0,7
28,0.1737260277441237,1,4,1,7
29,0.10549660918968584,1,4,0,7
30,0.06406369225624076,1,4,0,7
1,0.7231349374277181,1,1,0,8
2,2.592017526371689,1,1,0,8
3,7.117860144233704,1,1,5,8
4,19.264202938392287,1,1,10,8
5,51.67066586301735,1,1,13,8
6,135.52052712580388,1,1,106,8
7,335.71325684110525,1,1,199,8
8,728.36319958501,1,1,416,8
9,1226.2381864883787,1,1,411,8
10,1450.2159147498373,1,1,860,8
11,1236.4809069037447,1,1,935,8
12,864.2286816026663,1,1,291,8
13,554.1460428815599,1,1,652,8
14,344.21893616349644,1,1,190,8
15,211.33063577201938,1,1,460,8
16,129.1345843578738,1,1,206,8
17,78.74268384937204,1,1,35,8
18,47.9669545949173,1,1,20,8
19,29.205497459422077,1,1,36,8
20,17.778598011012946,1,1,12,8
21,10.822073656225257,1,1,27,8
22,6.587897827106644,1,1,4,8
23,4.010835585025234,1,1,9,8
24,2.442268509898895,1,1,0,8
25,1.4874257647061313,1,1,2,8
26,0.9060854375447889,1,1,0,8
27,0.5520782864632565,1,1,1,8
28,0.3364600377926763,1,1,1,8
29,0.2051019523096329,1,1,0,8
30,0.125057779277995,1,1,3,8
1,0.8082990658314515,1,2,0,8
2,3.172797315415183,1,2,4,8
3,9.51137872116648,1,2,13,8
4,28.110124322361457,1,2,22,8
5,81.90152895205742,1,2,70,8
6,229.17716207397257,1,2,158,8
7,575.9711708459901,1,2,169,8
8,1138.553296788195,1,2,1174,8
9,1525.5428197501697,1,2,1124,8
10,1369.848466157684,1,2,1530,8
11,960.321885524605,1,2,741,8
12,610.6046831559033,1,2,414,8
13,376.70232296147697,1,2,364,8
14,230.2453327998719,1,2,119,8
15,140.26675498395798,1,2,72,8
16,85.33524221826156,1,2,60,8
17,51.88299060712325,1,2,12,8
18,31.53401876638509,1,2,24,8
19,19.16268139731801,1,2,39,8
20,11.643663770680178,1,2,2,8
21,7.07453619818898,1,2,3,8
22,4.298250417397867,1,2,3,8
23,2.611421204938779,1,2,1,8
24,1.5865623168810998,1,2,3,8
25,0.9639053834089282,1,2,3,8
26,0.5856119795962513,1,2,1,8
27,0.35578242231440527,1,2,1,8
28,0.2161515881671221,1,2,0,8
29,0.1313203488743966,1,2,0,8
30,0.07978209251723456,1,2,0,8
1,0.834890984469858,1,3,1,8
2,3.413217975833846,1,3,2,8
3,10.585007319545209,1,3,3,8
4,32.35448348796625,1,3,14,8
5,97.23707616176264,1,3,220,8
6,277.9336463450025,1,3,305,8
7,694.4288742425506,1,3,1534,8
8,1296.1839460362946,1,3,1301,8
9,1567.8270729498122,1,3,1095,8
10,1283.9269537152331,1,3,2576,8
11,858.1308188309222,1,3,1327,8
12,535.9996121825434,1,3,925,8
13,328.5732872432918,1,3,236,8
14,200.29845107421625,1,3,38,8
15,121.85987410128291,1,3,190,8
16,74.07623919886464,1,3,69,8
17,45.01126487168494,1,3,12,8
18,27.344559422224847,1,3,48,8
19,16.609979358835517,1,3,17,8
20,10.08875377234017,1,3,1,8
21,6.127572125907136,1,3,0,8
22,3.7215930549864424,1,3,1,8
23,2.2602841663128856,1,3,7,8
24,1.3727561642881483,1,3,0,8
25,0.8337223821745283,1,3,1,8
26,0.5063468622183791,1,3,0,8
27,0.3075204051065157,1,3,1,8
28,0.18676661118570337,1,3,0,8
29,0.1134290322970628,1,3,0,8
30,0.06888886436809116,1,3,0,8
1,0.8460144837197614,1,4,1,8
2,3.5415988731850785,1,4,0,8
3,11.180355489719314,1,4,17,8
4,34.780630098215504,1,4,41,8
5,106.22438352889904,1,4,240,8
6,306.7424562059035,1,4,303,8
7,761.8915861889868,1,4,279,8
8,1373.7749549857608,1,4,546,8
9,1573.1681396464141,1,4,2505,8
10,1233.5283379006923,1,4,3812,8
11,808.3043181722915,1,4,759,8
12,501.48513457053014,1,4,565,8
13,306.6960737036907,1,4,530,8
14,186.77912537263455,1,4,114,8
15,113.57731755416899,1,4,186,8
16,69.01971355041678,1,4,29,8
17,41.92928445761572,1,4,49,8
18,25.467661387228873,1,4,19,8
19,15.46749953309154,1,4,13,8
20,9.39350689996536,1,4,5,8
21,5.704553260427019,1,4,1,8
22,3.4642347975086523,1,4,3,8
23,2.103720694319236,1,4,1,8
24,1.2775145980986053,1,4,0,8
25,0.7757858786708312,1,4,2,8
26,0.47110398966196954,1,4,1,8
27,0.2860823309456464,1,4,0,8
28,0.1737260277441237,1,4,0,8
29,0.10549660918968584,1,4,0,8
30,0.06406369225624076,1,4,0,8
1,0.7231349374277181,1,1,3,9
2,2.592017526371689,1,1,7,9
3,7.117860144233704,1,1,3,9
4,19.264202938392287,1,1,4,9
5,51.67066586301735,1,1,36,9
6,135.52052712580388,1,1,96,9
7,335.71325684110525,1,1,278,9
8,728.36319958501,1,1,1227,9
9,1226.2381864883787,1,1,1018,9
10,1450.2159147498373,1,1,1026,9
11,1236.4809069037447,1,1,1721,9
12,864.2286816026663,1,1,661,9
13,554.1460428815599,1,1,206,9
14,344.21893616349644,1,1,1008,9
15,211.33063577201938,1,1,194,9
16,129.1345843578738,1,1,134,9
17,78.74268384937204,1,1,133,9
18,47.9669545949173,1,1,81,9
19,29.205497459422077,1,1,26,9
20,17.778598011012946,1,1,35,9
21,10.822073656225257,1,1,10,9
22,6.587897827106644,1,1,2,9
23,4.010835585025234,1,1,5,9
24,2.442268509898895,1,1,3,9
25,1.4874257647061313,1,1,0,9
26,0.9060854375447889,1,1,2,9
27,0.5520782864632565,1,1,2,9
28,0.3364600377926763,1,1,0,9
29,0.2051019523096329,1,1,0,9
30,0.125057779277995,1,1,0,9
1,0.8082990658314515,1,2,0,9
2,3.172797315415183,1,2,3,9
3,9.51137872116648,1,2,4,9
4,28.110124322361457,1,2,39,9
5,81.90152895205742,1,2,25,9
6,229.17716207397257,1,2,173,9
7,575.9711708459901,1,2,525,9
8,1138.553296788195,1,2,299,9
9,1525.5428197501697,1,2,776,9
10,1369.848466157684,1,2,298,9
11,960.321885524605,1,2,437,9
12,610.6046831559033,1,2,20,9
13,376.70232296147697,1,2,246,9
14,230.2453327998719,1,2,180,9
15,140.26675498395798,1,2,88,9
16,85.33524221826156,1,2,47,9
17,51.88299060712325,1,2,124,9
18,31.53401876638509,1,2,26,9
19,19.16268139731801,1,2,33,9
20,11.643663770680178,1,2,10,9
21,7.07453619818898,1,2,12,9
22,4.298250417397867,1,2,14,9
23,2.611421204938779,1,2,0,9
24,1.5865623168810998,1,2,2,9
25,0.9639053834089282,1,2,0,9
26,0.5856119795962513,1,2,0,9
27,0.35578242231440527,1,2,1,9
28,0.2161515881671221,1,2,1,9
29,0.1313203488743966,1,2,0,9
30,0.07978209251723456,1,2,0,9
1,0.834890984469858,1,3,0,9
2,3.413217975833846,1,3,7,9
3,10.585007319545209,1,3,6,9
4,32.35448348796625,1,3,72,9
5,97.23707616176264,1,3,34,9
6,277.9336463450025,1,3,221,9
7,694.4288742425506,1,3,379,9
8,1296.1839460362946,1,3,646,9
9,1567.8270729498122,1,3,1579,9
10,1283.9269537152331,1,3,2057,9
11,858.1308188309222,1,3,1274,9
12,535.9996121825434,1,3,400,9
13,328.5732872432918,1,3,864,9
14,200.29845107421625,1,3,205,9
15,121.85987410128291,1,3,152,9
16,74.07623919886464,1,3,50,9
17,45.01126487168494,1,3,37,9
18,27.344559422224847,1,3,31,9
19,16.609979358835517,1,3,8,9
20,10.08875377234017,1,3,7,9
21,6.127572125907136,1,3,5,9
22,3.7215930549864424,1,3,4,9
23,2.2602841663128856,1,3,7,9
24,1.3727561642881483,1,3,2,9
25,0.8337223821745283,1,3,1,9
26,0.5063468622183791,1,3,0,9
27,0.3075204051065157,1,3,0,9
28,0.18676661118570337,1,3,0,9
29,0.1134290322970628,1,3,0,9
30,0.06888886436809116,1,3,0,9
1,0.8460144837197614,1,4,1,9
2,3.5415988731850785,1,4,3,9
3,11.180355489719314,1,4,8,9
4,34.780630098215504,1,4,38,9
5,106.22438352889904,1,4,87,9
6,306.7424562059035,1,4,397,9
7,761.8915861889868,1,4,764,9
8,1373.7749549857608,1,4,1348,9
9,1573.1681396464141,1,4,814,9
10,1233.5283379006923,1,4,2077,9
11,808.3043181722915,1,4,858,9
12,501.48513457053014,1,4,533,9
13,306.6960737036907,1,4,150,9
14,186.77912537263455,1,4,96,9
15,113.57731755416899,1,4,128,9
16,69.01971355041678,1,4,56,9
17,41.92928445761572,1,4,10,9
18,25.467661387228873,1,4,24,9
19,15.46749953309154,1,4,6,9
20,9.39350689996536,1,4,11,9
21,5.704553260427019,1,4,9,9
22,3.4642347975086523,1,4,4,9
23,2.103720694319236,1,4,0,9
24,1.2775145980986053,1,4,5,9
25,0.7757858786708312,1,4,3,9
26,0.47110398966196954,1,4,0,9
27,0.2860823309456464,1,4,0,9
28,0.1737260277441237,1,4,0,9
29,0.10549660918968584,1,4,1,9
30,0.06406369225624076,1,4,0,9
1,0.7231349374277181,1,1,1,10
2,2.592017526371689,1,1,6,10
3,7.117860144233704,1,1,4,10
4,19.264202938392287,1,1,14,10
5,51.67066586301735,1,1,83,10
6,135.52052712580388,1,1,246,10
7,335.71325684110525,1,1,547,10
8,728.36319958501,1,1,905,10
9,1226.2381864883787,1,1,778,10
10,1450.2159147498373,1,1,2166,10
11,1236.4809069037447,1,1,1031,10
12,864.2286816026663,1,1,884,10
13,554.1460428815599,1,1,254,10
14,344.21893616349644,1,1,263,10
15,211.33063577201938,1,1,131,10
16,129.1345843578738,1,1,147,10
17,78.74268384937204,1,1,54,10
18,47.9669545949173,1,1,27,10
19,29.205497459422077,1,1,12,10
20,17.778598011012946,1,1,20,10
21,10.822073656225257,1,1,4,10
22,6.587897827106644,1,1,12,10
23,4.010835585025234,1,1,3,10
24,2.442268509898895,1,1,0,10
25,1.4874257647061313,1,1,0,10
26,0.9060854375447889,1,1,1,10
27,0.5520782864632565,1,1,2,10
28,0.3364600377926763,1,1,0,10
29,0.2051019523096329,1,1,0,10
30,0.125057779277995,1,1,0,10
1,0.8082990658314515,1,2,2,10
2,3.172797315415183,1,2,0,10
3,9.51137872116648,1,2,10,10
4,28.110124322361457,1,2,13,10
5,81.90152895205742,1,2,121,10
6,229.17716207397257,1,2,138,10
7,575.9711708459901,1,2,606,10
8,1138.553296788195,1,2,560,10
9,1525.5428197501697,1,2,3420,10
10,1369.848466157684,1,2,2270,10
11,960.321885524605,1,2,1774,10
12,610.6046831559033,1,2,304,10
13,376.70232296147697,1,2,540,10
14,230.2453327998719,1,2,161,10
15,140.26675498395798,1,2,181,10
16,85.33524221826156,1,2,134,10
17,51.88299060712325,1,2,25,10
18,31.53401876638509,1,2,10,10
19,19.16268139731801,1,2,23,10
20,11.643663770680178,1,2,20,10
21,7.07453619818898,1,2,8,10
22,4.298250417397867,1,2,1,10
23,2.611421204938779,1,2,6,10
24,1.5865623168810998,1,2,2,10
25,0.9639053834089282,1,2,2,10
26,0.5856119795962513,1,2,0,10
27,0.35578242231440527,1,2,0,10
28,0.2161515881671221,1,2,0,10
29,0.1313203488743966,1,2,0,10
30,0.07978209251723456,1,2,0,10
1,0.834890984469858,1,3,0,10
2,3.413217975833846,1,3,1,10
3,10.585007319545209,1,3,4,10
4,32.35448348796625,1,3,19,10
5,97.23707616176264,1,3,17,10
6,277.9336463450025,1,3,564,10
7,694.4288742425506,1,3,579,10
8,1296.1839460362946,1,3,1754,10
9,1567.8270729498122,1,3,2158,10
10,1283.9269537152331,1,3,958,10
11,858.1308188309222,1,3,660,10
12,535.9996121825434,1,3,299,10
13,328.5732872432918,1,3,570,10
14,200.29845107421625,1,3,119,10
15,121.85987410128291,1,3,149,10
16,74.07623919886464,1,3,34,10
17,45.01126487168494,1,3,74,10
18,27.344559422224847,1,3,15,10
19,16.609979358835517,1,3,31,10
20,10.08875377234017,1,3,32,10
21,6.127572125907136,1,3,1,10
22,3.7215930549864424,1,3,5,10
23,2.2602841663128856,1,3,1,10
24,1.3727561642881483,1,3,2,10
25,0.8337223821745283,1,3,0,10
26,0.5063468622183791,1,3,1,10
27,0.3075204051065157,1,3,0,10
28,0.18676661118570337,1,3,0,10
29,0.1134290322970628,1,3,0,10
30,0.06888886436809116,1,3,0,10
1,0.8460144837197614,1,4,0,10
2,3.5415988731850785,1,4,3,10
3,11.180355489719314,1,4,9,10
4,34.780630098215504,1,4,47,10
5,106.22438352889904,1,4,172,10
6,306.7424562059035,1,4,600,10
7,761.8915861889868,1,4,1088,10
8,1373.7749549857608,1,4,2139,10
9,1573.1681396464141,1,4,2068,10
10,1233.5283379006923,1,4,1000,10
11,808.3043181722915,1,4,966,10
12,501.48513457053014,1,4,422,10
13,306.6960737036907,1,4,124,10
14,186.77912537263455,1,4,160,10
15,113.57731755416899,1,4,292,10
16,69.01971355041678,1,4,97,10
17,41.92928445761572,1,4,93,10
18,25.467661387228873,1,4,16,10
19,15.46749953309154,1,4,6,10
20,9.39350689996536,1,4,1,10
21,5.704553260427019,1,4,10,10
22,3.4642347975086523,1,4,2,10
23,2.103720694319236,1,4,0,10
24,1.2775145980986053,1,4,1,10
25,0.7757858786708312,1,4,3,10
26,0.47110398966196954,1,4,0,10
27,0.2860823309456464,1,4,0,10
28,0.1737260277441237,1,4,0,10
29,0.10549660918968584,1,4,0,10
30,0.06406369225624076,1,4,0,10
1,0.7231349374277181,1,1,0,11
2,2.592017526371689,1,1,4,11
3,7.117860144233704,1,1,15,11
4,19.264202938392287,1,1,12,11
5,51.67066586301735,1,1,41,11
6,135.52052712580388,1,1,101,11
7,335.71325684110525,1,1,641,11
8,728.36319958501,1,1,621,11
9,1226.2381864883787,1,1,976,11
10,1450.2159147498373,1,1,723,11
11,1236.4809069037447,1,1,764,11
12,864.2286816026663,1,1,799,11
13,554.1460428815599,1,1,801,11
14,344.21893616349644,1,1,290,11
15,211.33063577201938,1,1,268,11
16,129.1345843578738,1,1,115,11
17,78.74268384937204,1,1,163,11
18,47.9669545949173,1,1,30,11
19,29.205497459422077,1,1,23,11
20,17.778598011012946,1,1,9,11
21,10.822073656225257,1,1,11,11
22,6.587897827106644,1,1,7,11
23,4.010835585025234,1,1,7,11
24,2.442268509898895,1,1,6,11
25,1.4874257647061313,1,1,2,11
26,0.9060854375447889,1,1,1,11
27,0.5520782864632565,1,1,0,11
28,0.3364600377926763,1,1,1,11
29,0.2051019523096329,1,1,0,11
30,0.125057779277995,1,1,0,11
1,0.8082990658314515,1,2,0,11
2,3.172797315415183,1,2,5,11
3,9.51137872116648,1,2,19,11
4,28.110124322361457,1,2,16,11
5,81.90152895205742,1,2,100,11
6,229.17716207397257,1,2,258,11
7,575.9711708459901,1,2,343,11
8,1138.553296788195,1,2,588,11
9,1525.5428197501697,1,2,1819,11
10,1369.848466157684,1,2,469,11
11,960.321885524605,1,2,1303,11
12,610.6046831559033,1,2,175,11
13,376.70232296147697,1,2,467,11
14,230.2453327998719,1,2,136,11
15,140.26675498395798,1,2,103,11
16,85.33524221826156,1,2,71,11
17,51.88299060712325,1,2,12,11
18,31.53401876638509,1,2,13,11
19,19.16268139731801,1,2,10,11
20,11.643663770680178,1,2,7,11
21,7.07453619818898,1,2,5,11
22,4.298250417397867,1,2,3,11
23,2.611421204938779,1,2,2,11
24,1.5865623168810998,1,2,3,11
25,0.9639053834089282,1,2,1,11
26,0.5856119795962513,1,2,0,11
27,0.35578242231440527,1,2,0,11
28,0.2161515881671221,1,2,0,11
29,0.1313203488743966,1,2,0,11
30,0.07978209251723456,1,2,0,11
1,0.834890984469858,1,3,1,11
2,3.413217975833846,1,3,0,11
3,10.585007319545209,1,3,4,11
4,32.35448348796625,1,3,13,11
5,97.23707616176264,1,3,95,11
6,277.9336463450025,1,3,241,11
7,694.4288742425506,1,3,486,11
8,1296.1839460362946,1,3,738,11
9,1567.8270729498122,1,3,1295,11
10,1283.9269537152331,1,3,667,11
11,858.1308188309222,1,3,463,11
12,535.9996121825434,1,3,351,11
13,328.5732872432918,1,3,177,11
14,200.29845107421625,1,3,152,11
15,121.85987410128291,1,3,31,11
16,74.07623919886464,1,3,8,11
17,45.01126487168494,1,3,31,11
18,27.344559422224847,1,3,26,11
19,16.609979358835517,1,3,1,11
20,10.08875377234017,1,3,18,11
21,6.127572125907136,1,3,11,11
22,3.7215930549864424,1,3,2,11
23,2.2602841663128856,1,3,5,11
24,1.3727561642881483,1,3,5,11
25,0.8337223821745283,1,3,2,11
26,0.5063468622183791,1,3,0,11
27,0.3075204051065157,1,3,0,11
28,0.18676661118570337,1,3,0,11
29,0.1134290322970628,1,3,0,11
30,0.06888886436809116,1,3,0,11
1,0.8460144837197614,1,4,1,11
2,3.5415988731850785,1,4,7,11
3,11.180355489719314,1,4,16,11
4,34.780630098215504,1,4,30,11
5,106.22438352889904,1,4,125,11
6,306.7424562059035,1,4,301,11
7,761.8915861889868,1,4,473,11
8,1373.7749549857608,1,4,2667,11
9,1573.1681396464141,1,4,1241,11
10,1233.5283379006923,1,4,1541,11
11,808.3043181722915,1,4,985,11
12,501.48513457053014,1,4,35,11
13,306.6960737036907,1,4,32,11
14,186.77912537263455,1,4,199,11
15,113.57731755416899,1,4,143,11
16,69.01971355041678,1,4,105,11
17,41.92928445761572,1,4,56,11
18,25.467661387228873,1,4,17,11
19,15.46749953309154,1,4,12,11
20,9.39350689996536,1,4,7,11
21,5.704553260427019,1,4,3,11
22,3.4642347975086523,1,4,0,11
23,2.103720694319236,1,4,0,11
24,1.2775145980986053,1,4,1,11
25,0.7757858786708312,1,4,1,11
26,0.47110398966196954,1,4,1,11
27,0.2860823309456464,1,4,0,11
28,0.1737260277441237,1,4,0,11
29,0.10549660918968584,1,4,0,11
30,0.06406369225624076,1,4,0,11
1,0.7231349374277181,1,1,1,12
2,2.592017526371689,1,1,2,12
3,7.117860144233704,1,1,12,12
4,19.264202938392287,1,1,24,12
5,51.67066586301735,1,1,23,12
6,135.52052712580388,1,1,135,12
7,335.71325684110525,1,1,520,12
8,728.36319958501,1,1,1259,12
9,1226.2381864883787,1,1,1424,12
10,1450.2159147498373,1,1,2038,12
11,1236.4809069037447,1,1,1556,12
12,864.2286816026663,1,1,322,12
13,554.1460428815599,1,1,609,12
14,344.21893616349644,1,1,160,12
15,211.33063577201938,1,1,295,12
16,129.1345843578738,1,1,423,12
17,78.74268384937204,1,1,70,12
18,47.9669545949173,1,1,26,12
19,29.205497459422077,1,1,56,12
20,17.778598011012946,1,1,18,12
21,10.822073656225257,1,1,8,12
22,6.587897827106644,1,1,9,12
23,4.010835585025234,1,1,1,12
24,2.442268509898895,1,1,4,12
25,1.4874257647061313,1,1,1,12
26,0.9060854375447889,1,1,1,12
27,0.5520782864632565,1,1,0,12
28,0.3364600377926763,1,1,0,12
29,0.2051019523096329,1,1,0,12
30,0.125057779277995,1,1,0,12
1,0.8082990658314515,1,2,0,12
2,3.172797315415183,1,2,3,12
3,9.51137872116648,1,2,0,12
4,28.110124322361457,1,2,24,12
5,81.90152895205742,1,2,31,12
6,229.17716207397257,1,2,224,12
7,575.9711708459901,1,2,395,12
8,1138.553296788195,1,2,1628,12
9,1525.5428197501697,1,2,1783,12
10,1369.848466157684,1,2,594,12
11,960.321885524605,1,2,1431,12
12,610.6046831559033,1,2,389,12
13,376.70232296147697,1,2,436,12
14,230.2453327998719,1,2,168,12
15,140.26675498395798,1,2,220,12
16,85.33524221826156,1,2,104,12
17,51.88299060712325,1,2,39,12
18,31.53401876638509,1,2,20,12
19,19.16268139731801,1,2,23,12
20,11.643663770680178,1,2,13,12
21,7.07453619818898,1,2,3,12
22,4.298250417397867,1,2,3,12
23,2.611421204938779,1,2,2,12
24,1.5865623168810998,1,2,1,12
25,0.9639053834089282,1,2,1,12
26,0.5856119795962513,1,2,0,12
27,0.35578242231440527,1,2,1,12
28,0.2161515881671221,1,2,0,12
29,0.1313203488743966,1,2,0,12
30,0.07978209251723456,1,2,0,12
1,0.834890984469858,1,3,0,12
2,3.413217975833846,1,3,3,12
3,10.585007319545209,1,3,19,12
4,32.35448348796625,1,3,32,12
5,97.23707616176264,1,3,118,12
6,277.9336463450025,1,3,223,12
7,694.4288742425506,1,3,413,12
8,1296.1839460362946,1,3,1015,12
9,1567.8270729498122,1,3,762,12
10,1283.9269537152331,1,3,465,12
11,858.1308188309222,1,3,824,12
12,535.9996121825434,1,3,159,12
13,328.5732872432918,1,3,67,12
14,200.29845107421625,1,3,188,12
15,121.85987410128291,1,3,152,12
16,74.07623919886464,1,3,31,12
17,45.01126487168494,1,3,77,12
18,27.344559422224847,1,3,26,12
19,16.609979358835517,1,3,37,12
20,10.08875377234017,1,3,11,12
21,6.127572125907136,1,3,2,12
22,3.7215930549864424,1,3,12,12
23,2.2602841663128856,1,3,3,12
24,1.3727561642881483,1,3,2,12
25,0.8337223821745283,1,3,2,12
26,0.5063468622183791,1,3,0,12
27,0.3075204051065157,1,3,0,12
28,0.18676661118570337,1,3,1,12
29,0.1134290322970628,1,3,0,12
30,0.06888886436809116,1,3,0,12
1,0.8460144837197614,1,4,4,12
2,3.5415988731850785,1,4,3,12
3,11.180355489719314,1,4,5,12
4,34.780630098215504,1,4,28,12
5,106.22438352889904,1,4,117,12
6,306.7424562059035,1,4,210,12
7,761.8915861889868,1,4,1399,12
8,1373.7749549857608,1,4,1453,12
9,1573.1681396464141,1,4,813,12
10,1233.5283379006923,1,4,2486,12
11,808.3043181722915,1,4,511,12
12,501.48513457053014,1,4,338,12
13,306.6960737036907,1,4,266,12
14,186.77912537263455,1,4,204,12
15,113.57731755416899,1,4,173,12
16,69.01971355041678,1,4,115,12
17,41.92928445761572,1,4,32,12
18,25.467661387228873,1,4,19,12
19,15.46749953309154,1,4,1,12
20,9.39350689996536,1,4,9,12
21,5.704553260427019,1,4,0,12
22,3.4642347975086523,1,4,3,12
23,2.103720694319236,1,4,4,12
24,1.2775145980986053,1,4,1,12
25,0.7757858786708312,1,4,2,12
26,0.47110398966196954,1,4,0,12
27,0.2860823309456464,1,4,0,12
28,0.1737260277441237,1,4,0,12
29,0.10549660918968584,1,4,0,12
30,0.06406369225624076,1,4,0,12
1,0.7231349374277181,1,1,0,13
2,2.592017526371689,1,1,3,13
3,7.117860144233704,1,1,14,13
4,19.264202938392287,1,1,12,13
5,51.67066586301735,1,1,78,13
6,135.52052712580388,1,1,9,13
7,335.71325684110525,1,1,614,13
8,728.36319958501,1,1,537,13
9,1226.2381864883787,1,1,306,13
10,1450.2159147498373,1,1,1172,13
11,1236.4809069037447,1,1,1597,13
12,864.2286816026663,1,1,181,13
13,554.1460428815599,1,1,206,13
14,344.21893616349644,1,1,393,13
15,211.33063577201938,1,1,227,13
16,129.1345843578738,1,1,70,13
17,78.74268384937204,1,1,75,13
18,47.9669545949173,1,1,66,13
19,29.205497459422077,1,1,65,13
20,17.778598011012946,1,1,17,13
21,10.822073656225257,1,1,7,13
22,6.587897827106644,1,1,3,13
23,4.010835585025234,1,1,6,13
24,2.442268509898895,1,1,3,13
25,1.4874257647061313,1,1,3,13
26,0.9060854375447889,1,1,1,13
27,0.5520782864632565,1,1,0,13
28,0.3364600377926763,1,1,1,13
29,0.2051019523096329,1,1,0,13
30,0.125057779277995,1,1,0,13
1,0.8082990658314515,1,2,1,13
2,3.172797315415183,1,2,0,13
3,9.51137872116648,1,2,8,13
4,28.110124322361457,1,2,33,13
5,81.90152895205742,1,2,17,13
6,229.17716207397257,1,2,226,13
7,575.9711708459901,1,2,12,13
8,1138.553296788195,1,2,562,13
9,1525.5428197501697,1,2,2801,13
10,1369.848466157684,1,2,1046,13
11,960.321885524605,1,2,656,13
12,610.6046831559033,1,2,209,13
13,376.70232296147697,1,2,476,13
14,230.2453327998719,1,2,51,13
15,140.26675498395798,1,2,68,13
16,85.33524221826156,1,2,132,13
17,51.88299060712325,1,2,84,13
18,31.53401876638509,1,2,12,13
19,19.16268139731801,1,2,1,13
20,11.643663770680178,1,2,12,13
21,7.07453619818898,1,2,10,13
22,4.298250417397867,1,2,0,13
23,2.611421204938779,1,2,1,13
24,1.5865623168810998,1,2,4,13
25,0.9639053834089282,1,2,1,13
26,0.5856119795962513,1,2,0,13
27,0.35578242231440527,1,2,0,13
28,0.2161515881671221,1,2,0,13
29,0.1313203488743966,1,2,0,13
30,0.07978209251723456,1,2,0,13
1,0.834890984469858,1,3,0,13
2,3.413217975833846,1,3,3,13
3,10.585007319545209,1,3,8,13
4,32.35448348796625,1,3,30,13
5,97.23707616176264,1,3,32,13
6,277.9336463450025,1,3,475,13
7,694.4288742425506,1,3,112,13
8,1296.1839460362946,1,3,1629,13
9,1567.8270729498122,1,3,494,13
10,1283.9269537152331,1,3,588,13
11,858.1308188309222,1,3,392,13
12,535.9996121825434,1,3,239,13
13,328.5732872432918,1,3,140,13
14,200.29845107421625,1,3,63,13
15,121.85987410128291,1,3,91,13
16,74.07623919886464,1,3,23,13
17,45.01126487168494,1,3,68,13
18,27.344559422224847,1,3,11,13
19,16.609979358835517,1,3,28,13
20,10.08875377234017,1,3,14,13
21,6.127572125907136,1,3,2,13
22,3.7215930549864424,1,3,7,13
23,2.2602841663128856,1,3,3,13
24,1.3727561642881483,1,3,0,13
25,0.8337223821745283,1,3,0,13
26,0.5063468622183791,1,3,1,13
27,0.3075204051065157,1,3,0,13
28,0.18676661118570337,1,3,0,13
29,0.1134290322970628,1,3,0,13
30,0.06888886436809116,1,3,0,13
1,0.8460144837197614,1,4,0,13
2,3.5415988731850785,1,4,5,13
3,11.180355489719314,1,4,6,13
4,34.780630098215504,1,4,19,13
5,106.22438352889904,1,4,108,13
6,306.7424562059035,1,4,386,13
7,761.8915861889868,1,4,630,13
8,1373.7749549857608,1,4,748,13
9,1573.1681396464141,1,4,2345,13
10,1233.5283379006923,1,4,2223,13
11,808.3043181722915,1,4,637,13
12,501.48513457053014,1,4,111,13
13,306.6960737036907,1,4,165,13
14,186.77912537263455,1,4,293,13
15,113.57731755416899,1,4,123,13
16,69.01971355041678,1,4,32,13
17,41.92928445761572,1,4,20,13
18,25.467661387228873,1,4,24,13
19,15.46749953309154,1,4,22,13
20,9.39350689996536,1,4,11,13
21,5.704553260427019,1,4,5,13
22,3.4642347975086523,1,4,5,13
23,2.103720694319236,1,4,1,13
24,1.2775145980986053,1,4,2,13
25,0.7757858786708312,1,4,1,13
26,0.47110398966196954,1,4,0,13
27,0.2860823309456464,1,4,0,13
28,0.1737260277441237,1,4,0,13
29,0.10549660918968584,1,4,0,13
30,0.06406369225624076,1,4,0,13
1,0.7231349374277181,1,1,0,14
2,2.592017526371689,1,1,1,14
3,7.117860144233704,1,1,6,14
4,19.264202938392287,1,1,14,14
5,51.67066586301735,1,1,62,14
6,135.52052712580388,1,1,118,14
7,335.71325684110525,1,1,220,14
8,728.36319958501,1,1,1697,14
9,1226.2381864883787,1,1,1386,14
10,1450.2159147498373,1,1,1000,14
11,1236.4809069037447,1,1,211,14
12,864.2286816026663,1,1,387,14
13,554.1460428815599,1,1,248,14
14,344.21893616349644,1,1,218,14
15,211.33063577201938,1,1,202,14
16,129.1345843578738,1,1,17,14
17,78.74268384937204,1,1,31,14
18,47.9669545949173,1,1,48,14
19,29.205497459422077,1,1,42,14
20,17.778598011012946,1,1,22,14
21,10.822073656225257,1,1,13,14
22,6.587897827106644,1,1,3,14
23,4.010835585025234,1,1,3,14
24,2.442268509898895,1,1,6,14
25,1.4874257647061313,1,1,2,14
26,0.9060854375447889,1,1,1,14
27,0.5520782864632565,1,1,0,14
28,0.3364600377926763,1,1,0,14
29,0.2051019523096329,1,1,0,14
30,0.125057779277995,1,1,0,14
1,0.8082990658314515,1,2,1,14
2,3.172797315415183,1,2,1,14
3,9.51137872116648,1,2,7,14
4,28.110124322361457,1,2,19,14
5,81.90152895205742,1,2,60,14
6,229.17716207397257,1,2,413,14
7,575.9711708459901,1,2,486,14
8,1138.553296788195,1,2,1646,14
9,1525.5428197501697,1,2,1376,14
10,1369.848466157684,1,2,1721,14
11,960.321885524605,1,2,757,14
12,610.6046831559033,1,2,980,14
13,376.70232296147697,1,2,181,14
14,230.2453327998719,1,2,171,14
15,140.26675498395798,1,2,102,14
16,85.33524221826156,1,2,33,14
17,51.88299060712325,1,2,18,14
18,31.53401876638509,1,2,27,14
19,19.16268139731801,1,2,29,14
20,11.643663770680178,1,2,13,14
21,7.07453619818898,1,2,1,14
22,4.298250417397867,1,2,4,14
23,2.611421204938779,1,2,6,14
24,1.5865623168810998,1,2,2,14
25,0.9639053834089282,1,2,1,14
26,0.5856119795962513,1,2,0,14
27,0.35578242231440527,1,2,0,14
28,0.2161515881671221,1,2,0,14
29,0.1313203488743966,1,2,0,14
30,0.07978209251723456,1,2,0,14
1,0.834890984469858,1,3,3,14
2,3.413217975833846,1,3,2,14
3,10.585007319545209,1,3,1,14
4,32.35448348796625,1,3,30,14
5,97.23707616176264,1,3,143,14
6,277.9336463450025,1,3,75,14
7,694.4288742425506,1,3,820,14
8,1296.1839460362946,1,3,1727,14
9,1567.8270729498122,1,3,1805,14
10,1283.9269537152331,1,3,1022,14
11,858.1308188309222,1,3,797,14
12,535.9996121825434,1,3,172,14
13,328.5732872432918,1,3,912,14
14,200.29845107421625,1,3,586,14
15,121.85987410128291,1,3,180,14
16,74.07623919886464,1,3,26,14
17,45.01126487168494,1,3,14,14
18,27.344559422224847,1,3,13,14
19,16.609979358835517,1,3,36,14
20,10.08875377234017,1,3,6,14
21,6.127572125907136,1,3,4,14
22,3.7215930549864424,1,3,4,14
23,2.2602841663128856,1,3,1,14
24,1.3727561642881483,1,3,2,14
25,0.8337223821745283,1,3,1,14
26,0.5063468622183791,1,3,0,14
27,0.3075204051065157,1,3,0,14
28,0.18676661118570337,1,3,0,14
29,0.1134290322970628,1,3,1,14
30,0.06888886436809116,1,3,0,14
1,0.8460144837197614,1,4,0,14
2,3.5415988731850785,1,4,1,14
3,11.180355489719314,1,4,1,14
4,34.780630098215504,1,4,49,14
5,106.22438352889904,1,4,171,14
6,306.7424562059035,1,4,297,14
7,761.8915861889868,1,4,176,14
8,1373.7749549857608,1,4,647,14
9,1573.1681396464141,1,4,1896,14
10,1233.5283379006923,1,4,1061,14
11,808.3043181722915,1,4,580,14
12,501.48513457053014,1,4,663,14
13,306.6960737036907,1,4,525,14
14,186.77912537263455,1,4,191,14
15,113.57731755416899,1,4,67,14
16,69.01971355041678,1,4,37,14
17,41.92928445761572,1,4,39,14
18,25.467661387228873,1,4,10,14
19,15.46749953309154,1,4,33,14
20,9.39350689996536,1,4,23,14
21,5.704553260427019,1,4,6,14
22,3.4642347975086523,1,4,5,14
23,2.103720694319236,1,4,2,14
24,1.2775145980986053,1,4,0,14
25,0.7757858786708312,1,4,0,14
26,0.47110398966196954,1,4,1,14
27,0.2860823309456464,1,4,0,14
28,0.1737260277441237,1,4,0,14
29,0.10549660918968584,1,4,0,14
30,0.06406369225624076,1,4,0,14
1,0.7231349374277181,1,1,0,15
2,2.592017526371689,1,1,4,15
3,7.117860144233704,1,1,15,15
4,19.264202938392287,1,1,9,15
5,51.67066586301735,1,1,12,15
6,135.52052712580388,1,1,93,15
7,335.71325684110525,1,1,145,15
8,728.36319958501,1,1,2131,15
9,1226.2381864883787,1,1,812,15
10,1450.2159147498373,1,1,999,15
11,1236.4809069037447,1,1,1107,15
12,864.2286816026663,1,1,2177,15
13,554.1460428815599,1,1,338,15
14,344.21893616349644,1,1,539,15
15,211.33063577201938,1,1,602,15
16,129.1345843578738,1,1,26,15
17,78.74268384937204,1,1,184,15
18,47.9669545949173,1,1,48,15
19,29.205497459422077,1,1,16,15
20,17.778598011012946,1,1,25,15
21,10.822073656225257,1,1,0,15
22,6.587897827106644,1,1,9,15
23,4.010835585025234,1,1,4,15
24,2.442268509898895,1,1,4,15
25,1.4874257647061313,1,1,2,15
26,0.9060854375447889,1,1,1,15
27,0.5520782864632565,1,1,1,15
28,0.3364600377926763,1,1,0,15
29,0.2051019523096329,1,1,1,15
30,0.125057779277995,1,1,0,15
1,0.8082990658314515,1,2,0,15
2,3.172797315415183,1,2,2,15
3,9.51137872116648,1,2,6,15
4,28.110124322361457,1,2,57,15
5,81.90152895205742,1,2,54,15
6,229.17716207397257,1,2,168,15
7,575.9711708459901,1,2,583,15
8,1138.553296788195,1,2,1117,15
9,1525.5428197501697,1,2,1780,15
10,1369.848466157684,1,2,3124,15
11,960.321885524605,1,2,1195,15
12,610.6046831559033,1,2,369,15
13,376.70232296147697,1,2,96,15
14,230.2453327998719,1,2,116,15
15,140.26675498395798,1,2,61,15
16,85.33524221826156,1,2,51,15
17,51.88299060712325,1,2,42,15
18,31.53401876638509,1,2,39,15
19,19.16268139731801,1,2,23,15
20,11.643663770680178,1,2,7,15
21,7.07453619818898,1,2,9,15
22,4.298250417397867,1,2,2,15
23,2.611421204938779,1,2,2,15
24,1.5865623168810998,1,2,0,15
25,0.9639053834089282,1,2,0,15
26,0.5856119795962513,1,2,0,15
27,0.35578242231440527,1,2,0,15
28,0.2161515881671221,1,2,0,15
29,0.1313203488743966,1,2,0,15
30,0.07978209251723456,1,2,0,15
1,0.834890984469858,1,3,2,15
2,3.413217975833846,1,3,4,15
3,10.585007319545209,1,3,24,15
4,32.35448348796625,1,3,44,15
5,97.23707616176264,1,3,27,15
6,277.9336463450025,1,3,278,15
7,694.4288742425506,1,3,744,15
8,1296.1839460362946,1,3,2372,15
9,1567.8270729498122,1,3,900,15
10,1283.9269537152331,1,3,809,15
11,858.1308188309222,1,3,479,15
12,535.9996121825434,1,3,345,15
13,328.5732872432918,1,3,297,15
14,200.29845107421625,1,3,214,15
15,121.85987410128291,1,3,115,15
16,74.07623919886464,1,3,100,15
17,45.01126487168494,1,3,17,15
18,27.344559422224847,1,3,22,15
19,16.609979358835517,1,3,4,15
20,10.08875377234017,1,3,14,15
21,6.127572125907136,1,3,9,15
22,3.7215930549864424,1,3,1,15
23,2.2602841663128856,1,3,3,15
24,1.3727561642881483,1,3,0,15
25,0.8337223821745283,1,3,2,15
26,0.5063468622183791,1,3,0,15
27,0.3075204051065157,1,3,0,15
28,0.18676661118570337,1,3,0,15
29,0.1134290322970628,1,3,0,15
30,0.06888886436809116,1,3,0,15
1,0.8460144837197614,1,4,0,15
2,3.5415988731850785,1,4,6,15
3,11.180355489719314,1,4,21,15
4,34.780630098215504,1,4,53,15
5,106.22438352889904,1,4,66,15
6,306.7424562059035,1,4,192,15
7,761.8915861889868,1,4,507,15
8,1373.7749549857608,1,4,2061,15
9,1573.1681396464141,1,4,1429,15
10,1233.5283379006923,1,4,338,15
11,808.3043181722915,1,4,569,15
12,501.48513457053014,1,4,245,15
13,306.6960737036907,1,4,453,15
14,186.77912537263455,1,4,137,15
15,113.57731755416899,1,4,57,15
16,69.01971355041678,1,4,44,15
17,41.92928445761572,1,4,38,15
18,25.467661387228873,1,4,40,15
19,15.46749953309154,1,4,6,15
20,9.39350689996536,1,4,12,15
21,5.704553260427019,1,4,14,15
22,3.4642347975086523,1,4,5,15
23,2.103720694319236,1,4,1,15
24,1.2775145980986053,1,4,5,15
25,0.7757858786708312,1,4,1,15
26,0.47110398966196954,1,4,1,15
27,0.2860823309456464,1,4,1,15
28,0.1737260277441237,1,4,0,15
29,0.10549660918968584,1,4,0,15
30,0.06406369225624076,1,4,0,15
1,0.7231349374277181,1,1,1,16
2,2.592017526371689,1,1,2,16
3,7.117860144233704,1,1,1,16
4,19.264202938392287,1,1,28,16
5,51.67066586301735,1,1,59,16
6,135.52052712580388,1,1,156,16
7,335.71325684110525,1,1,297,16
8,728.36319958501,1,1,1290,16
9,1226.2381864883787,1,1,934,16
10,1450.2159147498373,1,1,2737,16
11,1236.4809069037447,1,1,539,16
12,864.2286816026663,1,1,633,16
13,554.1460428815599,1,1,153,16
14,344.21893616349644,1,1,241,16
15,211.33063577201938,1,1,237,16
16,129.1345843578738,1,1,109,16
17,78.74268384937204,1,1,76,16
18,47.9669545949173,1,1,56,16
19,29.205497459422077,1,1,52,16
20,17.778598011012946,1,1,25,16
21,10.822073656225257,1,1,5,16
22,6.587897827106644,1,1,8,16
23,4.010835585025234,1,1,7,16
24,2.442268509898895,1,1,5,16
25,1.4874257647061313,1,1,1,16
26,0.9060854375447889,1,1,0,16
27,0.5520782864632565,1,1,3,16
28,0.3364600377926763,1,1,0,16
29,0.2051019523096329,1,1,1,16
30,0.125057779277995,1,1,0,16
1,0.8082990658314515,1,2,0,16
2,3.172797315415183,1,2,4,16
3,9.51137872116648,1,2,1,16
4,28.110124322361457,1,2,8,16
5,81.90152895205742,1,2,200,16
6,229.17716207397257,1,2,532,16
7,575.9711708459901,1,2,938,16
8,1138.553296788195,1,2,116,16
9,1525.5428197501697,1,2,1401,16
10,1369.848466157684,1,2,645,16
11,960.321885524605,1,2,1350,16
12,610.6046831559033,1,2,735,16
13,376.70232296147697,1,2,276,16
14,230.2453327998719,1,2,278,16
15,140.26675498395798,1,2,66,16
16,85.33524221826156,1,2,85,16
17,51.88299060712325,1,2,33,16
18,31.53401876638509,1,2,9,16
19,19.16268139731801,1,2,5,16
20,11.643663770680178,1,2,7,16
21,7.07453619818898,1,2,6,16
22,4.298250417397867,1,2,2,16
23,2.611421204938779,1,2,2,16
24,1.5865623168810998,1,2,2,16
25,0.9639053834089282,1,2,1,16
26,0.5856119795962513,1,2,0,16
27,0.35578242231440527,1,2,1,16
28,0.2161515881671221,1,2,0,16
29,0.1313203488743966,1,2,0,16
30,0.07978209251723456,1,2,0,16
1,0.834890984469858,1,3,2,16
2,3.413217975833846,1,3,2,16
3,10.585007319545209,1,3,32,16
4,32.35448348796625,1,3,7,16
5,97.23707616176264,1,3,115,16
6,277.9336463450025,1,3,190,16
7,694.4288742425506,1,3,1017,16
8,1296.1839460362946,1,3,1680,16
9,1567.8270729498122,1,3,610,16
10,1283.9269537152331,1,3,734,16
11,858.1308188309222,1,3,118,16
12,535.9996121825434,1,3,532,16
13,328.5732872432918,1,3,295,16
14,200.29845107421625,1,3,310,16
15,121.85987410128291,1,3,55,16
16,74.07623919886464,1,3,130,16
17,45.01126487168494,1,3,25,16
18,27.344559422224847,1,3,12,16
19,16.609979358835517,1,3,32,16
20,10.08875377234017,1,3,39,16
21,6.127572125907136,1,3,11,16
22,3.7215930549864424,1,3,2,16
23,2.2602841663128856,1,3,5,16
24,1.3727561642881483,1,3,5,16
25,0.8337223821745283,1,3,2,16
26,0.5063468622183791,1,3,1,16
27,0.3075204051065157,1,3,0,16
28,0.18676661118570337,1,3,2,16
29,0.1134290322970628,1,3,0,16
30,0.06888886436809116,1,3,0,16
1,0.8460144837197614,1,4,2,16
2,3.5415988731850785,1,4,2,16
3,11.180355489719314,1,4,13,16
4,34.780630098215504,1,4,6,16
5,106.22438352889904,1,4,88,16
6,306.7424562059035,1,4,226,16
7,761.8915861889868,1,4,439,16
8,1373.7749549857608,1,4,1070,16
9,1573.1681396464141,1,4,1994,16
10,1233.5283379006923,1,4,476,16
11,808.3043181722915,1,4,932,16
12,501.48513457053014,1,4,645,16
13,306.6960737036907,1,4,70,16
14,186.77912537263455,1,4,142,16
15,113.57731755416899,1,4,173,16
16,69.01971355041678,1,4,27,16
17,41.92928445761572,1,4,19,16
18,25.467661387228873,1,4,44,16
19,15.46749953309154,1,4,4,16
20,9.39350689996536,1,4,3,16
21,5.704553260427019,1,4,4,16
22,3.4642347975086523,1,4,3,16
23,2.103720694319236,1,4,3,16
24,1.2775145980986053,1,4,0,16
25,0.7757858786708312,1,4,2,16
26,0.47110398966196954,1,4,1,16
27,0.2860823309456464,1,4,0,16
28,0.1737260277441237,1,4,0,16
29,0.10549660918968584,1,4,0,16
30,0.06406369225624076,1,4,1,16
1,0.7231349374277181,1,1,4,17
2,2.592017526371689,1,1,2,17
3,7.117860144233704,1,1,7,17
4,19.264202938392287,1,1,20,17
5,51.67066586301735,1,1,26,17
6,135.52052712580388,1,1,56,17
7,335.71325684110525,1,1,427,17
8,728.36319958501,1,1,795,17
9,1226.2381864883787,1,1,1283,17
10,1450.2159147498373,1,1,1135,17
11,1236.4809069037447,1,1,1668,17
12,864.2286816026663,1,1,977,17
13,554.1460428815599,1,1,1053,17
14,344.21893616349644,1,1,218,17
15,211.33063577201938,1,1,125,17
16,129.1345843578738,1,1,92,17
17,78.74268384937204,1,1,110,17
18,47.9669545949173,1,1,96,17
19,29.205497459422077,1,1,25,17
20,17.778598011012946,1,1,23,17
21,10.822073656225257,1,1,20,17
22,6.587897827106644,1,1,4,17
23,4.010835585025234,1,1,2,17
24,2.442268509898895,1,1,4,17
25,1.4874257647061313,1,1,2,17
26,0.9060854375447889,1,1,1,17
27,0.5520782864632565,1,1,1,17
28,0.3364600377926763,1,1,0,17
29,0.2051019523096329,1,1,1,17
30,0.125057779277995,1,1,0,17
1,0.8082990658314515,1,2,0,17
2,3.172797315415183,1,2,1,17
3,9.51137872116648,1,2,8,17
4,28.110124322361457,1,2,38,17
5,81.90152895205742,1,2,148,17
6,229.17716207397257,1,2,184,17
7,575.9711708459901,1,2,395,17
8,1138.553296788195,1,2,444,17
9,1525.5428197501697,1,2,2250,17
10,1369.848466157684,1,2,894,17
11,960.321885524605,1,2,1033,17
12,610.6046831559033,1,2,440,17
13,376.70232296147697,1,2,851,17
14,230.2453327998719,1,2,125,17
15,140.26675498395798,1,2,156,17
16,85.33524221826156,1,2,31,17
17,51.88299060712325,1,2,64,17
18,31.53401876638509,1,2,13,17
19,19.16268139731801,1,2,14,17
20,11.643663770680178,1,2,8,17
21,7.07453619818898,1,2,10,17
22,4.298250417397867,1,2,5,17
23,2.611421204938779,1,2,4,17
24,1.5865623168810998,1,2,3,17
25,0.9639053834089282,1,2,1,17
26,0.5856119795962513,1,2,0,17
27,0.35578242231440527,1,2,1,17
28,0.2161515881671221,1,2,0,17
29,0.1313203488743966,1,2,0,17
30,0.07978209251723456,1,2,0,17
1,0.834890984469858,1,3,1,17
2,3.413217975833846,1,3,1,17
3,10.585007319545209,1,3,13,17
4,32.35448348796625,1,3,51,17
5,97.23707616176264,1,3,116,17
6,277.9336463450025,1,3,328,17
7,694.4288742425506,1,3,558,17
8,1296.1839460362946,1,3,786,17
9,1567.8270729498122,1,3,1749,17
10,1283.9269537152331,1,3,519,17
11,858.1308188309222,1,3,280,17
12,535.9996121825434,1,3,806,17
13,328.5732872432918,1,3,175,17
14,200.29845107421625,1,3,49,17
15,121.85987410128291,1,3,64,17
16,74.07623919886464,1,3,78,17
17,45.01126487168494,1,3,94,17
18,27.344559422224847,1,3,10,17
19,16.609979358835517,1,3,4,17
20,10.08875377234017,1,3,12,17
21,6.127572125907136,1,3,7,17
22,3.7215930549864424,1,3,3,17
23,2.2602841663128856,1,3,1,17
24,1.3727561642881483,1,3,1,17
25,0.8337223821745283,1,3,0,17
26,0.5063468622183791,1,3,1,17
27,0.3075204051065157,1,3,0,17
28,0.18676661118570337,1,3,0,17
29,0.1134290322970628,1,3,0,17
30,0.06888886436809116,1,3,0,17
1,0.8460144837197614,1,4,0,17
2,3.5415988731850785,1,4,2,17
3,11.180355489719314,1,4,18,17
4,34.780630098215504,1,4,6,17
5,106.22438352889904,1,4,206,17
6,306.7424562059035,1,4,501,17
7,761.8915861889868,1,4,911,17
8,1373.7749549857608,1,4,644,17
9,1573.1681396464141,1,4,786,17
10,1233.5283379006923,1,4,1151,17
11,808.3043181722915,1,4,576,17
12,501.48513457053014,1,4,543,17
13,306.6960737036907,1,4,621,17
14,186.77912537263455,1,4,345,17
15,113.57731755416899,1,4,42,17
16,69.01971355041678,1,4,41,17
17,41.92928445761572,1,4,43,17
18,25.467661387228873,1,4,2,17
19,15.46749953309154,1,4,22,17
20,9.39350689996536,1,4,6,17
21,5.704553260427019,1,4,5,17
22,3.4642347975086523,1,4,6,17
23,2.103720694319236,1,4,0,17
24,1.2775145980986053,1,4,0,17
25,0.7757858786708312,1,4,1,17
26,0.47110398966196954,1,4,0,17
27,0.2860823309456464,1,4,0,17
28,0.1737260277441237,1,4,1,17
29,0.10549660918968584,1,4,0,17
30,0.06406369225624076,1,4,0,17
1,0.7231349374277181,1,1,0,18
2,2.592017526371689,1,1,5,18
3,7.117860144233704,1,1,8,18
4,19.264202938392287,1,1,12,18
5,51.67066586301735,1,1,61,18
6,135.52052712580388,1,1,266,18
7,335.71325684110525,1,1,327,18
8,728.36319958501,1,1,632,18
9,1226.2381864883787,1,1,856,18
10,1450.2159147498373,1,1,2366,18
11,1236.4809069037447,1,1,1348,18
12,864.2286816026663,1,1,626,18
13,554.1460428815599,1,1,738,18
14,344.21893616349644,1,1,669,18
15,211.33063577201938,1,1,288,18
16,129.1345843578738,1,1,235,18
17,78.74268384937204,1,1,87,18
18,47.9669545949173,1,1,28,18
19,29.205497459422077,1,1,20,18
20,17.778598011012946,1,1,16,18
21,10.822073656225257,1,1,15,18
22,6.587897827106644,1,1,7,18
23,4.010835585025234,1,1,6,18
24,2.442268509898895,1,1,2,18
25,1.4874257647061313,1,1,1,18
26,0.9060854375447889,1,1,0,18
27,0.5520782864632565,1,1,2,18
28,0.3364600377926763,1,1,1,18
29,0.2051019523096329,1,1,0,18
30,0.125057779277995,1,1,0,18
1,0.8082990658314515,1,2,1,18
2,3.172797315415183,1,2,2,18
3,9.51137872116648,1,2,9,18
4,28.110124322361457,1,2,8,18
5,81.90152895205742,1,2,16,18
6,229.17716207397257,1,2,324,18
7,575.9711708459901,1,2,379,18
8,1138.553296788195,1,2,1660,18
9,1525.5428197501697,1,2,1588,18
10,1369.848466157684,1,2,1445,18
11,960.321885524605,1,2,1755,18
12,610.6046831559033,1,2,402,18
13,376.70232296147697,1,2,271,18
14,230.2453327998719,1,2,328,18
15,140.26675498395798,1,2,246,18
16,85.33524221826156,1,2,86,18
17,51.88299060712325,1,2,175,18
18,31.53401876638509,1,2,23,18
19,19.16268139731801,1,2,10,18
20,11.643663770680178,1,2,1,18
21,7.07453619818898,1,2,5,18
22,4.298250417397867,1,2,0,18
23,2.611421204938779,1,2,3,18
24,1.5865623168810998,1,2,2,18
25,0.9639053834089282,1,2,2,18
26,0.5856119795962513,1,2,0,18
27,0.35578242231440527,1,2,1,18
28,0.2161515881671221,1,2,0,18
29,0.1313203488743966,1,2,0,18
30,0.07978209251723456,1,2,0,18
1,0.834890984469858,1,3,1,18
2,3.413217975833846,1,3,2,18
3,10.585007319545209,1,3,20,18
4,32.35448348796625,1,3,28,18
5,97.23707616176264,1,3,87,18
6,277.9336463450025,1,3,129,18
7,694.4288742425506,1,3,554,18
8,1296.1839460362946,1,3,613,18
9,1567.8270729498122,1,3,3008,18
10,1283.9269537152331,1,3,1325,18
11,858.1308188309222,1,3,716,18
12,535.9996121825434,1,3,923,18
13,328.5732872432918,1,3,70,18
14,200.29845107421625,1,3,234,18
15,121.85987410128291,1,3,230,18
16,74.07623919886464,1,3,49,18
17,45.01126487168494,1,3,62,18
18,27.344559422224847,1,3,57,18
19,16.609979358835517,1,3,10,18
20,10.08875377234017,1,3,12,18
21,6.127572125907136,1,3,6,18
22,3.7215930549864424,1,3,1,18
23,2.2602841663128856,1,3,9,18
24,1.3727561642881483,1,3,0,18
25,0.8337223821745283,1,3,0,18
26,0.5063468622183791,1,3,2,18
27,0.3075204051065157,1,3,0,18
28,0.18676661118570337,1,3,0,18
29,0.1134290322970628,1,3,0,18
30,0.06888886436809116,1,3,1,18
1,0.8460144837197614,1,4,2,18
2,3.5415988731850785,1,4,1,18
3,11.180355489719314,1,4,2,18
4,34.780630098215504,1,4,30,18
5,106.22438352889904,1,4,178,18
6,306.7424562059035,1,4,315,18
7,761.8915861889868,1,4,551,18
8,1373.7749549857608,1,4,2482,18
9,1573.1681396464141,1,4,2270,18
10,1233.5283379006923,1,4,411,18
11,808.3043181722915,1,4,1213,18
12,501.48513457053014,1,4,1295,18
13,306.6960737036907,1,4,287,18
14,186.77912537263455,1,4,166,18
15,113.57731755416899,1,4,115,18
16,69.01971355041678,1,4,64,18
17,41.92928445761572,1,4,40,18
18,25.467661387228873,1,4,23,18
19,15.46749953309154,1,4,21,18
20,9.39350689996536,1,4,20,18
21,5.704553260427019,1,4,2,18
22,3.4642347975086523,1,4,6,18
23,2.103720694319236,1,4,0,18
24,1.2775145980986053,1,4,2,18
25,0.7757858786708312,1,4,0,18
26,0.47110398966196954,1,4,0,18
27,0.2860823309456464,1,4,0,18
28,0.1737260277441237,1,4,1,18
29,0.10549660918968584,1,4,0,18
30,0.06406369225624076,1,4,0,18
1,0.7231349374277181,1,1,1,19
2,2.592017526371689,1,1,6,19
3,7.117860144233704,1,1,6,19
4,19.264202938392287,1,1,9,19
5,51.67066586301735,1,1,23,19
6,135.52052712580388,1,1,46,19
7,335.71325684110525,1,1,238,19
8,728.36319958501,1,1,745,19
9,1226.2381864883787,1,1,386,19
10,1450.2159147498373,1,1,2163,19
11,1236.4809069037447,1,1,1733,19
12,864.2286816026663,1,1,221,19
13,554.1460428815599,1,1,312,19
14,344.21893616349644,1,1,285,19
15,211.33063577201938,1,1,165,19
16,129.1345843578738,1,1,70,19
17,78.74268384937204,1,1,73,19
18,47.9669545949173,1,1,66,19
19,29.205497459422077,1,1,34,19
20,17.778598011012946,1,1,9,19
21,10.822073656225257,1,1,13,19
22,6.587897827106644,1,1,8,19
23,4.010835585025234,1,1,2,19
24,2.442268509898895,1,1,4,19
25,1.4874257647061313,1,1,1,19
26,0.9060854375447889,1,1,1,19
27,0.5520782864632565,1,1,1,19
28,0.3364600377926763,1,1,0,19
29,0.2051019523096329,1,1,0,19
30,0.125057779277995,1,1,1,19
1,0.8082990658314515,1,2,3,19
2,3.172797315415183,1,2,3,19
3,9.51137872116648,1,2,1,19
4,28.110124322361457,1,2,21,19
5,81.90152895205742,1,2,45,19
6,229.17716207397257,1,2,116,19
7,575.9711708459901,1,2,741,19
8,1138.553296788195,1,2,614,19
9,1525.5428197501697,1,2,889,19
10,1369.848466157684,1,2,1016,19
11,960.321885524605,1,2,820,19
12,610.6046831559033,1,2,555,19
13,376.70232296147697,1,2,193,19
14,230.2453327998719,1,2,212,19
15,140.26675498395798,1,2,122,19
16,85.33524221826156,1,2,64,19
17,51.88299060712325,1,2,58,19
18,31.53401876638509,1,2,56,19
19,19.16268139731801,1,2,22,19
20,11.643663770680178,1,2,2,19
21,7.07453619818898,1,2,5,19
22,4.298250417397867,1,2,0,19
23,2.611421204938779,1,2,1,19
24,1.5865623168810998,1,2,1,19
25,0.9639053834089282,1,2,1,19
26,0.5856119795962513,1,2,0,19
27,0.35578242231440527,1,2,0,19
28,0.2161515881671221,1,2,1,19
29,0.1313203488743966,1,2,1,19
30,0.07978209251723456,1,2,0,19
1,0.834890984469858,1,3,0,19
2,3.413217975833846,1,3,4,19
3,10.585007319545209,1,3,5,19
4,32.35448348796625,1,3,18,19
5,97.23707616176264,1,3,50,19
6,277.9336463450025,1,3,267,19
7,694.4288742425506,1,3,399,19
8,1296.1839460362946,1,3,1219,19
9,1567.8270729498122,1,3,877,19
10,1283.9269537152331,1,3,1441,19
11,858.1308188309222,1,3,429,19
12,535.9996121825434,1,3,239,19
13,328.5732872432918,1,3,340,19
14,200.29845107421625,1,3,115,19
15,121.85987410128291,1,3,86,19
16,74.07623919886464,1,3,129,19
17,45.01126487168494,1,3,32,19
18,27.344559422224847,1,3,20,19
19,16.609979358835517,1,3,37,19
20,10.08875377234017,1,3,16,19
21,6.127572125907136,1,3,7,19
22,3.7215930549864424,1,3,3,19
23,2.2602841663128856,1,3,0,19
24,1.3727561642881483,1,3,1,19
25,0.8337223821745283,1,3,1,19
26,0.5063468622183791,1,3,0,19
27,0.3075204051065157,1,3,0,19
28,0.18676661118570337,1,3,0,19
29,0.1134290322970628,1,3,0,19
30,0.06888886436809116,1,3,0,19
1,0.8460144837197614,1,4,3,19
2,3.5415988731850785,1,4,5,19
3,11.180355489719314,1,4,18,19
4,34.780630098215504,1,4,38,19
5,106.22438352889904,1,4,83,19
6,306.7424562059035,1,4,673,19
7,761.8915861889868,1,4,2009,19
8,1373.7749549857608,1,4,1190,19
9,1573.1681396464141,1,4,812,19
10,1233.5283379006923,1,4,1362,19
11,808.3043181722915,1,4,1631,19
12,501.48513457053014,1,4,772,19
13,306.6960737036907,1,4,583,19
14,186.77912537263455,1,4,185,19
15,113.57731755416899,1,4,155,19
16,69.01971355041678,1,4,66,19
17,41.92928445761572,1,4,24,19
18,25.467661387228873,1,4,25,19
19,15.46749953309154,1,4,13,19
20,9.39350689996536,1,4,6,19
21,5.704553260427019,1,4,2,19
22,3.4642347975086523,1,4,5,19
23,2.103720694319236,1,4,1,19
24,1.2775145980986053,1,4,1,19
25,0.7757858786708312,1,4,0,19
26,0.47110398966196954,1,4,0,19
27,0.2860823309456464,1,4,1,19
28,0.1737260277441237,1,4,1,19
29,0.10549660918968584,1,4,0,19
30,0.06406369225624076,1,4,0,19
1,0.7231349374277181,1,1,2,20
2,2.592017526371689,1,1,1,20
3,7.117860144233704,1,1,5,20
4,19.264202938392287,1,1,21,20
5,51.67066586301735,1,1,21,20
6,135.52052712580388,1,1,55,20
7,335.71325684110525,1,1,273,20
8,728.36319958501,1,1,406,20
9,1226.2381864883787,1,1,1962,20
10,1450.2159147498373,1,1,467,20
11,1236.4809069037447,1,1,2003,20
12,864.2286816026663,1,1,1248,20
13,554.1460428815599,1,1,1097,20
14,344.21893616349644,1,1,361,20
15,211.33063577201938,1,1,159,20
16,129.1345843578738,1,1,83,20
17,78.74268384937204,1,1,31,20
18,47.9669545949173,1,1,30,20
19,29.205497459422077,1,1,71,20
20,17.778598011012946,1,1,17,20
21,10.822073656225257,1,1,12,20
22,6.587897827106644,1,1,13,20
23,4.010835585025234,1,1,2,20
24,2.442268509898895,1,1,1,20
25,1.4874257647061313,1,1,2,20
26,0.9060854375447889,1,1,1,20
27,0.5520782864632565,1,1,0,20
28,0.3364600377926763,1,1,0,20
29,0.2051019523096329,1,1,0,20
30,0.125057779277995,1,1,0,20
1,0.8082990658314515,1,2,0,20
2,3.172797315415183,1,2,1,20
3,9.51137872116648,1,2,9,20
4,28.110124322361457,1,2,34,20
5,81.90152895205742,1,2,62,20
6,229.17716207397257,1,2,132,20
7,575.9711708459901,1,2,274,20
8,1138.553296788195,1,2,730,20
9,1525.5428197501697,1,2,1415,20
10,1369.848466157684,1,2,1504,20
11,960.321885524605,1,2,1354,20
12,610.6046831559033,1,2,1518,20
13,376.70232296147697,1,2,253,20
14,230.2453327998719,1,2,152,20
15,140.26675498395798,1,2,88,20
16,85.33524221826156,1,2,73,20
17,51.88299060712325,1,2,41,20
18,31.53401876638509,1,2,21,20
19,19.16268139731801,1,2,13,20
20,11.643663770680178,1,2,18,20
21,7.07453619818898,1,2,7,20
22,4.298250417397867,1,2,3,20
23,2.611421204938779,1,2,2,20
24,1.5865623168810998,1,2,0,20
25,0.9639053834089282,1,2,0,20
26,0.5856119795962513,1,2,0,20
27,0.35578242231440527,1,2,0,20
28,0.2161515881671221,1,2,1,20
29,0.1313203488743966,1,2,1,20
30,0.07978209251723456,1,2,0,20
1,0.834890984469858,1,3,1,20
2,3.413217975833846,1,3,5,20
3,10.585007319545209,1,3,3,20
4,32.35448348796625,1,3,63,20
5,97.23707616176264,1,3,186,20
6,277.9336463450025,1,3,426,20
7,694.4288742425506,1,3,791,20
8,1296.1839460362946,1,3,1282,20
9,1567.8270729498122,1,3,2156,20
10,1283.9269537152331,1,3,684,20
11,858.1308188309222,1,3,419,20
12,535.9996121825434,1,3,840,20
13,328.5732872432918,1,3,246,20
14,200.29845107421625,1,3,398,20
15,121.85987410128291,1,3,73,20
16,74.07623919886464,1,3,70,20
17,45.01126487168494,1,3,26,20
18,27.344559422224847,1,3,46,20
19,16.609979358835517,1,3,17,20
20,10.08875377234017,1,3,11,20
21,6.127572125907136,1,3,5,20
22,3.7215930549864424,1,3,10,20
23,2.2602841663128856,1,3,5,20
24,1.3727561642881483,1,3,1,20
25,0.8337223821745283,1,3,1,20
26,0.5063468622183791,1,3,1,20
27,0.3075204051065157,1,3,1,20
28,0.18676661118570337,1,3,0,20
29,0.1134290322970628,1,3,0,20
30,0.06888886436809116,1,3,0,20
1,0.8460144837197614,1,4,2,20
2,3.5415988731850785,1,4,2,20
3,11.180355489719314,1,4,11,20
4,34.780630098215504,1,4,43,20
5,106.22438352889904,1,4,87,20
6,306.7424562059035,1,4,119,20
7,761.8915861889868,1,4,212,20
8,1373.7749549857608,1,4,1742,20
9,1573.1681396464141,1,4,902,20
10,1233.5283379006923,1,4,1815,20
11,808.3043181722915,1,4,493,20
12,501.48513457053014,1,4,530,20
13,306.6960737036907,1,4,171,20
14,186.77912537263455,1,4,57,20
15,113.57731755416899,1,4,125,20
16,69.01971355041678,1,4,46,20
17,41.92928445761572,1,4,149,20
18,25.467661387228873,1,4,14,20
19,15.46749953309154,1,4,4,20
20,9.39350689996536,1,4,5,20
21,5.704553260427019,1,4,0,20
22,3.4642347975086523,1,4,7,20
23,2.103720694319236,1,4,2,20
24,1.2775145980986053,1,4,1,20
25,0.7757858786708312,1,4,2,20
26,0.47110398966196954,1,4,0,20
27,0.2860823309456464,1,4,0,20
28,0.1737260277441237,1,4,0,20
29,0.10549660918968584,1,4,1,20
30,0.06406369225624076,1,4,1,20
