time,x,E_order,I_order,y,dataset,disp
1,1.5851227216153134,1,1,2,1,phi^-1 ~'= 1/3'
2,8.83870458459217,1,1,8,1,phi^-1 ~'= 1/3'
3,41.73385526521061,1,1,26,1,phi^-1 ~'= 1/3'
4,188.36955387999848,1,1,283,1,phi^-1 ~'= 1/3'
5,713.2699385483762,1,1,574,1,phi^-1 ~'= 1/3'
6,1630.5725813722852,1,1,2761,1,phi^-1 ~'= 1/3'
7,1778.6480099470982,1,1,3984,1,phi^-1 ~'= 1/3'
8,1222.768154316257,1,1,720,1,phi^-1 ~'= 1/3'
9,752.1726014094875,1,1,1704,1,phi^-1 ~'= 1/3'
10,456.8665226256371,1,1,266,1,phi^-1 ~'= 1/3'
11,277.1593701362526,1,1,132,1,phi^-1 ~'= 1/3'
12,168.11330862637806,1,1,111,1,phi^-1 ~'= 1/3'
13,101.9674952018031,1,1,77,1,phi^-1 ~'= 1/3'
14,61.84689502429865,1,1,55,1,phi^-1 ~'= 1/3'
15,37.51222317054817,1,1,46,1,phi^-1 ~'= 1/3'
16,22.752398062900284,1,1,20,1,phi^-1 ~'= 1/3'
17,13.800070554881131,1,1,0,1,phi^-1 ~'= 1/3'
18,8.370190162286235,1,1,0,1,phi^-1 ~'= 1/3'
19,5.076791198549472,1,1,4,1,phi^-1 ~'= 1/3'
20,3.079238150312449,1,1,0,1,phi^-1 ~'= 1/3'
21,1.867657694099762,1,1,1,1,phi^-1 ~'= 1/3'
22,1.132795006464221,1,1,2,1,phi^-1 ~'= 1/3'
23,0.6870770204623113,1,1,0,1,phi^-1 ~'= 1/3'
24,0.4167346212325356,1,1,0,1,phi^-1 ~'= 1/3'
25,0.25276317741099774,1,1,0,1,phi^-1 ~'= 1/3'
1,1.7818413517227678,1,2,2,1,phi^-1 ~'= 1/3'
2,11.117557376401715,1,2,7,1,phi^-1 ~'= 1/3'
3,58.683439386138105,1,2,75,1,phi^-1 ~'= 1/3'
4,288.62106500799024,1,2,505,1,phi^-1 ~'= 1/3'
5,1061.5082610561785,1,2,1179,1,phi^-1 ~'= 1/3'
6,1906.0225666201788,1,2,2049,1,phi^-1 ~'= 1/3'
7,1601.864827347118,1,2,1540,1,phi^-1 ~'= 1/3'
8,1009.4393886399021,1,2,997,1,phi^-1 ~'= 1/3'
9,613.8080972361795,1,2,512,1,phi^-1 ~'= 1/3'
10,372.3713711095261,1,2,339,1,phi^-1 ~'= 1/3'
11,225.86189548289985,1,2,146,1,phi^-1 ~'= 1/3'
12,136.9934007287966,1,2,57,1,phi^-1 ~'= 1/3'
13,83.09103161068197,1,2,48,1,phi^-1 ~'= 1/3'
14,50.397380932024134,1,2,104,1,phi^-1 ~'= 1/3'
15,30.567611534396747,1,2,27,1,phi^-1 ~'= 1/3'
16,18.540221224332527,1,2,16,1,phi^-1 ~'= 1/3'
17,11.245227597823032,1,2,5,1,phi^-1 ~'= 1/3'
18,6.820583810750577,1,2,5,1,phi^-1 ~'= 1/3'
19,4.136898146814929,1,2,2,1,phi^-1 ~'= 1/3'
20,2.509158490923255,1,2,6,1,phi^-1 ~'= 1/3'
21,1.5218833052122136,1,2,3,1,phi^-1 ~'= 1/3'
22,0.9230699374020332,1,2,0,1,phi^-1 ~'= 1/3'
23,0.559870852941458,1,2,2,1,phi^-1 ~'= 1/3'
24,0.3395792216069822,1,2,0,1,phi^-1 ~'= 1/3'
25,0.2059654416561898,1,2,0,1,phi^-1 ~'= 1/3'
1,1.8407634014772252,1,3,3,1,phi^-1 ~'= 1/3'
2,11.99267474786227,1,3,9,1,phi^-1 ~'= 1/3'
3,65.8448030303813,1,3,60,1,phi^-1 ~'= 1/3'
4,332.92357251135877,1,3,1178,1,phi^-1 ~'= 1/3'
5,1196.6602601636155,1,3,744,1,phi^-1 ~'= 1/3'
6,1954.7095567272106,1,3,1377,1,phi^-1 ~'= 1/3'
7,1526.185473904823,1,3,673,1,phi^-1 ~'= 1/3'
8,947.1530341819916,1,3,956,1,phi^-1 ~'= 1/3'
9,575.1895331044834,1,3,477,1,phi^-1 ~'= 1/3'
10,348.9044324647002,1,3,117,1,phi^-1 ~'= 1/3'
11,211.62470940737967,1,3,170,1,phi^-1 ~'= 1/3'
12,128.35754549572812,1,3,151,1,phi^-1 ~'= 1/3'
13,77.85298895564301,1,3,207,1,phi^-1 ~'= 1/3'
14,47.22030530052143,1,3,49,1,phi^-1 ~'= 1/3'
15,28.640600899463607,1,3,24,1,phi^-1 ~'= 1/3'
16,17.371422356508447,1,3,13,1,phi^-1 ~'= 1/3'
17,10.536311224567726,1,3,17,1,phi^-1 ~'= 1/3'
18,6.390602091135406,1,3,4,1,phi^-1 ~'= 1/3'
19,3.876099794341826,1,3,4,1,phi^-1 ~'= 1/3'
20,2.3509755600225617,1,3,2,1,phi^-1 ~'= 1/3'
21,1.4259400723476574,1,3,2,1,phi^-1 ~'= 1/3'
22,0.864877164468453,1,3,2,1,phi^-1 ~'= 1/3'
23,0.5245749951609469,1,3,1,1,phi^-1 ~'= 1/3'
24,0.31817110703013896,1,3,0,1,phi^-1 ~'= 1/3'
25,0.19298070653803734,1,3,0,1,phi^-1 ~'= 1/3'
1,1.864637021484108,1,4,4,1,phi^-1 ~'= 1/3'
2,12.428811326502142,1,4,20,1,phi^-1 ~'= 1/3'
3,69.5847003686196,1,4,85,1,phi^-1 ~'= 1/3'
4,356.52263070104726,1,4,160,1,phi^-1 ~'= 1/3'
5,1264.292060948966,1,4,1559,1,phi^-1 ~'= 1/3'
6,1969.7036487819362,1,4,535,1,phi^-1 ~'= 1/3'
7,1488.6776189189482,1,4,675,1,phi^-1 ~'= 1/3'
8,918.7208658807958,1,4,751,1,phi^-1 ~'= 1/3'
9,557.6994419025395,1,4,568,1,phi^-1 ~'= 1/3'
10,338.28413469563475,1,4,165,1,phi^-1 ~'= 1/3'
11,205.1821039457509,1,4,397,1,phi^-1 ~'= 1/3'
12,124.44973779057545,1,4,165,1,phi^-1 ~'= 1/3'
13,75.48274200888591,1,4,141,1,phi^-1 ~'= 1/3'
14,45.78266395981973,1,4,94,1,phi^-1 ~'= 1/3'
15,27.768621661475663,1,4,29,1,phi^-1 ~'= 1/3'
16,16.84253753826306,1,4,14,1,phi^-1 ~'= 1/3'
17,10.215524985993397,1,4,2,1,phi^-1 ~'= 1/3'
18,6.196034645473446,1,4,6,1,phi^-1 ~'= 1/3'
19,3.758088242202575,1,4,3,1,phi^-1 ~'= 1/3'
20,2.2793976840230243,1,4,8,1,phi^-1 ~'= 1/3'
21,1.3825257470907673,1,4,2,1,phi^-1 ~'= 1/3'
22,0.8385449561183123,1,4,0,1,phi^-1 ~'= 1/3'
23,0.5086036499469628,1,4,0,1,phi^-1 ~'= 1/3'
24,0.308483964201514,1,4,0,1,phi^-1 ~'= 1/3'
25,0.18710513789028482,1,4,0,1,phi^-1 ~'= 1/3'
1,1.5851227216153134,1,1,1,2,phi^-1 ~'= 1/3'
2,8.83870458459217,1,1,2,2,phi^-1 ~'= 1/3'
3,41.73385526521061,1,1,25,2,phi^-1 ~'= 1/3'
4,188.36955387999848,1,1,381,2,phi^-1 ~'= 1/3'
5,713.2699385483762,1,1,1157,2,phi^-1 ~'= 1/3'
6,1630.5725813722852,1,1,987,2,phi^-1 ~'= 1/3'
7,1778.6480099470982,1,1,2979,2,phi^-1 ~'= 1/3'
8,1222.768154316257,1,1,1210,2,phi^-1 ~'= 1/3'
9,752.1726014094875,1,1,560,2,phi^-1 ~'= 1/3'
10,456.8665226256371,1,1,548,2,phi^-1 ~'= 1/3'
11,277.1593701362526,1,1,183,2,phi^-1 ~'= 1/3'
12,168.11330862637806,1,1,254,2,phi^-1 ~'= 1/3'
13,101.9674952018031,1,1,109,2,phi^-1 ~'= 1/3'
14,61.84689502429865,1,1,128,2,phi^-1 ~'= 1/3'
15,37.51222317054817,1,1,34,2,phi^-1 ~'= 1/3'
16,22.752398062900284,1,1,19,2,phi^-1 ~'= 1/3'
17,13.800070554881131,1,1,12,2,phi^-1 ~'= 1/3'
18,8.370190162286235,1,1,4,2,phi^-1 ~'= 1/3'
19,5.076791198549472,1,1,0,2,phi^-1 ~'= 1/3'
20,3.079238150312449,1,1,2,2,phi^-1 ~'= 1/3'
21,1.867657694099762,1,1,3,2,phi^-1 ~'= 1/3'
22,1.132795006464221,1,1,0,2,phi^-1 ~'= 1/3'
23,0.6870770204623113,1,1,0,2,phi^-1 ~'= 1/3'
24,0.4167346212325356,1,1,1,2,phi^-1 ~'= 1/3'
25,0.25276317741099774,1,1,2,2,phi^-1 ~'= 1/3'
1,1.7818413517227678,1,2,2,2,phi^-1 ~'= 1/3'
2,11.117557376401715,1,2,13,2,phi^-1 ~'= 1/3'
3,58.683439386138105,1,2,53,2,phi^-1 ~'= 1/3'
4,288.62106500799024,1,2,234,2,phi^-1 ~'= 1/3'
5,1061.5082610561785,1,2,1759,2,phi^-1 ~'= 1/3'
6,1906.0225666201788,1,2,2547,2,phi^-1 ~'= 1/3'
7,1601.864827347118,1,2,2381,2,phi^-1 ~'= 1/3'
8,1009.4393886399021,1,2,1084,2,phi^-1 ~'= 1/3'
9,613.8080972361795,1,2,1828,2,phi^-1 ~'= 1/3'
10,372.3713711095261,1,2,254,2,phi^-1 ~'= 1/3'
11,225.86189548289985,1,2,270,2,phi^-1 ~'= 1/3'
12,136.9934007287966,1,2,346,2,phi^-1 ~'= 1/3'
13,83.09103161068197,1,2,79,2,phi^-1 ~'= 1/3'
14,50.397380932024134,1,2,80,2,phi^-1 ~'= 1/3'
15,30.567611534396747,1,2,35,2,phi^-1 ~'= 1/3'
16,18.540221224332527,1,2,26,2,phi^-1 ~'= 1/3'
17,11.245227597823032,1,2,4,2,phi^-1 ~'= 1/3'
18,6.820583810750577,1,2,8,2,phi^-1 ~'= 1/3'
19,4.136898146814929,1,2,4,2,phi^-1 ~'= 1/3'
20,2.509158490923255,1,2,3,2,phi^-1 ~'= 1/3'
21,1.5218833052122136,1,2,2,2,phi^-1 ~'= 1/3'
22,0.9230699374020332,1,2,0,2,phi^-1 ~'= 1/3'
23,0.559870852941458,1,2,0,2,phi^-1 ~'= 1/3'
24,0.3395792216069822,1,2,0,2,phi^-1 ~'= 1/3'
25,0.2059654416561898,1,2,0,2,phi^-1 ~'= 1/3'
1,1.8407634014772252,1,3,2,2,phi^-1 ~'= 1/3'
2,11.99267474786227,1,3,15,2,phi^-1 ~'= 1/3'
3,65.8448030303813,1,3,17,2,phi^-1 ~'= 1/3'
4,332.92357251135877,1,3,363,2,phi^-1 ~'= 1/3'
5,1196.6602601636155,1,3,349,2,phi^-1 ~'= 1/3'
6,1954.7095567272106,1,3,2951,2,phi^-1 ~'= 1/3'
7,1526.185473904823,1,3,525,2,phi^-1 ~'= 1/3'
8,947.1530341819916,1,3,1713,2,phi^-1 ~'= 1/3'
9,575.1895331044834,1,3,313,2,phi^-1 ~'= 1/3'
10,348.9044324647002,1,3,333,2,phi^-1 ~'= 1/3'
11,211.62470940737967,1,3,185,2,phi^-1 ~'= 1/3'
12,128.35754549572812,1,3,89,2,phi^-1 ~'= 1/3'
13,77.85298895564301,1,3,53,2,phi^-1 ~'= 1/3'
14,47.22030530052143,1,3,60,2,phi^-1 ~'= 1/3'
15,28.640600899463607,1,3,22,2,phi^-1 ~'= 1/3'
16,17.371422356508447,1,3,9,2,phi^-1 ~'= 1/3'
17,10.536311224567726,1,3,4,2,phi^-1 ~'= 1/3'
18,6.390602091135406,1,3,7,2,phi^-1 ~'= 1/3'
19,3.876099794341826,1,3,1,2,phi^-1 ~'= 1/3'
20,2.3509755600225617,1,3,4,2,phi^-1 ~'= 1/3'
21,1.4259400723476574,1,3,0,2,phi^-1 ~'= 1/3'
22,0.864877164468453,1,3,1,2,phi^-1 ~'= 1/3'
23,0.5245749951609469,1,3,0,2,phi^-1 ~'= 1/3'
24,0.31817110703013896,1,3,0,2,phi^-1 ~'= 1/3'
25,0.19298070653803734,1,3,0,2,phi^-1 ~'= 1/3'
1,1.864637021484108,1,4,5,2,phi^-1 ~'= 1/3'
2,12.428811326502142,1,4,15,2,phi^-1 ~'= 1/3'
3,69.5847003686196,1,4,63,2,phi^-1 ~'= 1/3'
4,356.52263070104726,1,4,559,2,phi^-1 ~'= 1/3'
5,1264.292060948966,1,4,1436,2,phi^-1 ~'= 1/3'
6,1969.7036487819362,1,4,1102,2,phi^-1 ~'= 1/3'
7,1488.6776189189482,1,4,999,2,phi^-1 ~'= 1/3'
8,918.7208658807958,1,4,943,2,phi^-1 ~'= 1/3'
9,557.6994419025395,1,4,1224,2,phi^-1 ~'= 1/3'
10,338.28413469563475,1,4,566,2,phi^-1 ~'= 1/3'
11,205.1821039457509,1,4,191,2,phi^-1 ~'= 1/3'
12,124.44973779057545,1,4,80,2,phi^-1 ~'= 1/3'
13,75.48274200888591,1,4,36,2,phi^-1 ~'= 1/3'
14,45.78266395981973,1,4,44,2,phi^-1 ~'= 1/3'
15,27.768621661475663,1,4,61,2,phi^-1 ~'= 1/3'
16,16.84253753826306,1,4,23,2,phi^-1 ~'= 1/3'
17,10.215524985993397,1,4,8,2,phi^-1 ~'= 1/3'
18,6.196034645473446,1,4,5,2,phi^-1 ~'= 1/3'
19,3.758088242202575,1,4,5,2,phi^-1 ~'= 1/3'
20,2.2793976840230243,1,4,2,2,phi^-1 ~'= 1/3'
21,1.3825257470907673,1,4,2,2,phi^-1 ~'= 1/3'
22,0.8385449561183123,1,4,0,2,phi^-1 ~'= 1/3'
23,0.5086036499469628,1,4,0,2,phi^-1 ~'= 1/3'
24,0.308483964201514,1,4,0,2,phi^-1 ~'= 1/3'
25,0.18710513789028482,1,4,1,2,phi^-1 ~'= 1/3'
1,1.5851227216153134,1,1,0,3,phi^-1 ~'= 1/3'
2,8.83870458459217,1,1,19,3,phi^-1 ~'= 1/3'
3,41.73385526521061,1,1,47,3,phi^-1 ~'= 1/3'
4,188.36955387999848,1,1,238,3,phi^-1 ~'= 1/3'
5,713.2699385483762,1,1,1046,3,phi^-1 ~'= 1/3'
6,1630.5725813722852,1,1,1962,3,phi^-1 ~'= 1/3'
7,1778.6480099470982,1,1,1650,3,phi^-1 ~'= 1/3'
8,1222.768154316257,1,1,1670,3,phi^-1 ~'= 1/3'
9,752.1726014094875,1,1,701,3,phi^-1 ~'= 1/3'
10,456.8665226256371,1,1,73,3,phi^-1 ~'= 1/3'
11,277.1593701362526,1,1,633,3,phi^-1 ~'= 1/3'
12,168.11330862637806,1,1,79,3,phi^-1 ~'= 1/3'
13,101.9674952018031,1,1,71,3,phi^-1 ~'= 1/3'
14,61.84689502429865,1,1,28,3,phi^-1 ~'= 1/3'
15,37.51222317054817,1,1,70,3,phi^-1 ~'= 1/3'
16,22.752398062900284,1,1,35,3,phi^-1 ~'= 1/3'
17,13.800070554881131,1,1,3,3,phi^-1 ~'= 1/3'
18,8.370190162286235,1,1,7,3,phi^-1 ~'= 1/3'
19,5.076791198549472,1,1,1,3,phi^-1 ~'= 1/3'
20,3.079238150312449,1,1,4,3,phi^-1 ~'= 1/3'
21,1.867657694099762,1,1,0,3,phi^-1 ~'= 1/3'
22,1.132795006464221,1,1,0,3,phi^-1 ~'= 1/3'
23,0.6870770204623113,1,1,0,3,phi^-1 ~'= 1/3'
24,0.4167346212325356,1,1,0,3,phi^-1 ~'= 1/3'
25,0.25276317741099774,1,1,0,3,phi^-1 ~'= 1/3'
1,1.7818413517227678,1,2,4,3,phi^-1 ~'= 1/3'
2,11.117557376401715,1,2,6,3,phi^-1 ~'= 1/3'
3,58.683439386138105,1,2,89,3,phi^-1 ~'= 1/3'
4,288.62106500799024,1,2,199,3,phi^-1 ~'= 1/3'
5,1061.5082610561785,1,2,301,3,phi^-1 ~'= 1/3'
6,1906.0225666201788,1,2,1868,3,phi^-1 ~'= 1/3'
7,1601.864827347118,1,2,3658,3,phi^-1 ~'= 1/3'
8,1009.4393886399021,1,2,750,3,phi^-1 ~'= 1/3'
9,613.8080972361795,1,2,338,3,phi^-1 ~'= 1/3'
10,372.3713711095261,1,2,294,3,phi^-1 ~'= 1/3'
11,225.86189548289985,1,2,226,3,phi^-1 ~'= 1/3'
12,136.9934007287966,1,2,50,3,phi^-1 ~'= 1/3'
13,83.09103161068197,1,2,26,3,phi^-1 ~'= 1/3'
14,50.397380932024134,1,2,133,3,phi^-1 ~'= 1/3'
15,30.567611534396747,1,2,50,3,phi^-1 ~'= 1/3'
16,18.540221224332527,1,2,20,3,phi^-1 ~'= 1/3'
17,11.245227597823032,1,2,6,3,phi^-1 ~'= 1/3'
18,6.820583810750577,1,2,3,3,phi^-1 ~'= 1/3'
19,4.136898146814929,1,2,6,3,phi^-1 ~'= 1/3'
20,2.509158490923255,1,2,5,3,phi^-1 ~'= 1/3'
21,1.5218833052122136,1,2,5,3,phi^-1 ~'= 1/3'
22,0.9230699374020332,1,2,0,3,phi^-1 ~'= 1/3'
23,0.559870852941458,1,2,1,3,phi^-1 ~'= 1/3'
24,0.3395792216069822,1,2,0,3,phi^-1 ~'= 1/3'
25,0.2059654416561898,1,2,0,3,phi^-1 ~'= 1/3'
1,1.8407634014772252,1,3,0,3,phi^-1 ~'= 1/3'
2,11.99267474786227,1,3,13,3,phi^-1 ~'= 1/3'
3,65.8448030303813,1,3,34,3,phi^-1 ~'= 1/3'
4,332.92357251135877,1,3,136,3,phi^-1 ~'= 1/3'
5,1196.6602601636155,1,3,861,3,phi^-1 ~'= 1/3'
6,1954.7095567272106,1,3,1606,3,phi^-1 ~'= 1/3'
7,1526.185473904823,1,3,1813,3,phi^-1 ~'= 1/3'
8,947.1530341819916,1,3,932,3,phi^-1 ~'= 1/3'
9,575.1895331044834,1,3,636,3,phi^-1 ~'= 1/3'
10,348.9044324647002,1,3,328,3,phi^-1 ~'= 1/3'
11,211.62470940737967,1,3,120,3,phi^-1 ~'= 1/3'
12,128.35754549572812,1,3,143,3,phi^-1 ~'= 1/3'
13,77.85298895564301,1,3,110,3,phi^-1 ~'= 1/3'
14,47.22030530052143,1,3,65,3,phi^-1 ~'= 1/3'
15,28.640600899463607,1,3,26,3,phi^-1 ~'= 1/3'
16,17.371422356508447,1,3,29,3,phi^-1 ~'= 1/3'
17,10.536311224567726,1,3,7,3,phi^-1 ~'= 1/3'
18,6.390602091135406,1,3,2,3,phi^-1 ~'= 1/3'
19,3.876099794341826,1,3,2,3,phi^-1 ~'= 1/3'
20,2.3509755600225617,1,3,6,3,phi^-1 ~'= 1/3'
21,1.4259400723476574,1,3,1,3,phi^-1 ~'= 1/3'
22,0.864877164468453,1,3,2,3,phi^-1 ~'= 1/3'
23,0.5245749951609469,1,3,0,3,phi^-1 ~'= 1/3'
24,0.31817110703013896,1,3,0,3,phi^-1 ~'= 1/3'
25,0.19298070653803734,1,3,0,3,phi^-1 ~'= 1/3'
1,1.864637021484108,1,4,2,3,phi^-1 ~'= 1/3'
2,12.428811326502142,1,4,25,3,phi^-1 ~'= 1/3'
3,69.5847003686196,1,4,55,3,phi^-1 ~'= 1/3'
4,356.52263070104726,1,4,621,3,phi^-1 ~'= 1/3'
5,1264.292060948966,1,4,1385,3,phi^-1 ~'= 1/3'
6,1969.7036487819362,1,4,1776,3,phi^-1 ~'= 1/3'
7,1488.6776189189482,1,4,967,3,phi^-1 ~'= 1/3'
8,918.7208658807958,1,4,997,3,phi^-1 ~'= 1/3'
9,557.6994419025395,1,4,448,3,phi^-1 ~'= 1/3'
10,338.28413469563475,1,4,292,3,phi^-1 ~'= 1/3'
11,205.1821039457509,1,4,40,3,phi^-1 ~'= 1/3'
12,124.44973779057545,1,4,189,3,phi^-1 ~'= 1/3'
13,75.48274200888591,1,4,150,3,phi^-1 ~'= 1/3'
14,45.78266395981973,1,4,19,3,phi^-1 ~'= 1/3'
15,27.768621661475663,1,4,3,3,phi^-1 ~'= 1/3'
16,16.84253753826306,1,4,29,3,phi^-1 ~'= 1/3'
17,10.215524985993397,1,4,4,3,phi^-1 ~'= 1/3'
18,6.196034645473446,1,4,6,3,phi^-1 ~'= 1/3'
19,3.758088242202575,1,4,0,3,phi^-1 ~'= 1/3'
20,2.2793976840230243,1,4,5,3,phi^-1 ~'= 1/3'
21,1.3825257470907673,1,4,1,3,phi^-1 ~'= 1/3'
22,0.8385449561183123,1,4,1,3,phi^-1 ~'= 1/3'
23,0.5086036499469628,1,4,0,3,phi^-1 ~'= 1/3'
24,0.308483964201514,1,4,0,3,phi^-1 ~'= 1/3'
25,0.18710513789028482,1,4,0,3,phi^-1 ~'= 1/3'
1,1.5851227216153134,1,1,0,4,phi^-1 ~'= 1/3'
2,8.83870458459217,1,1,9,4,phi^-1 ~'= 1/3'
3,41.73385526521061,1,1,68,4,phi^-1 ~'= 1/3'
4,188.36955387999848,1,1,417,4,phi^-1 ~'= 1/3'
5,713.2699385483762,1,1,357,4,phi^-1 ~'= 1/3'
6,1630.5725813722852,1,1,1655,4,phi^-1 ~'= 1/3'
7,1778.6480099470982,1,1,690,4,phi^-1 ~'= 1/3'
8,1222.768154316257,1,1,787,4,phi^-1 ~'= 1/3'
9,752.1726014094875,1,1,1319,4,phi^-1 ~'= 1/3'
10,456.8665226256371,1,1,689,4,phi^-1 ~'= 1/3'
11,277.1593701362526,1,1,197,4,phi^-1 ~'= 1/3'
12,168.11330862637806,1,1,94,4,phi^-1 ~'= 1/3'
13,101.9674952018031,1,1,56,4,phi^-1 ~'= 1/3'
14,61.84689502429865,1,1,35,4,phi^-1 ~'= 1/3'
15,37.51222317054817,1,1,25,4,phi^-1 ~'= 1/3'
16,22.752398062900284,1,1,16,4,phi^-1 ~'= 1/3'
17,13.800070554881131,1,1,21,4,phi^-1 ~'= 1/3'
18,8.370190162286235,1,1,22,4,phi^-1 ~'= 1/3'
19,5.076791198549472,1,1,8,4,phi^-1 ~'= 1/3'
20,3.079238150312449,1,1,0,4,phi^-1 ~'= 1/3'
21,1.867657694099762,1,1,0,4,phi^-1 ~'= 1/3'
22,1.132795006464221,1,1,3,4,phi^-1 ~'= 1/3'
23,0.6870770204623113,1,1,0,4,phi^-1 ~'= 1/3'
24,0.4167346212325356,1,1,0,4,phi^-1 ~'= 1/3'
25,0.25276317741099774,1,1,0,4,phi^-1 ~'= 1/3'
1,1.7818413517227678,1,2,4,4,phi^-1 ~'= 1/3'
2,11.117557376401715,1,2,15,4,phi^-1 ~'= 1/3'
3,58.683439386138105,1,2,17,4,phi^-1 ~'= 1/3'
4,288.62106500799024,1,2,366,4,phi^-1 ~'= 1/3'
5,1061.5082610561785,1,2,699,4,phi^-1 ~'= 1/3'
6,1906.0225666201788,1,2,1201,4,phi^-1 ~'= 1/3'
7,1601.864827347118,1,2,2286,4,phi^-1 ~'= 1/3'
8,1009.4393886399021,1,2,1213,4,phi^-1 ~'= 1/3'
9,613.8080972361795,1,2,518,4,phi^-1 ~'= 1/3'
10,372.3713711095261,1,2,460,4,phi^-1 ~'= 1/3'
11,225.86189548289985,1,2,168,4,phi^-1 ~'= 1/3'
12,136.9934007287966,1,2,79,4,phi^-1 ~'= 1/3'
13,83.09103161068197,1,2,47,4,phi^-1 ~'= 1/3'
14,50.397380932024134,1,2,48,4,phi^-1 ~'= 1/3'
15,30.567611534396747,1,2,21,4,phi^-1 ~'= 1/3'
16,18.540221224332527,1,2,18,4,phi^-1 ~'= 1/3'
17,11.245227597823032,1,2,23,4,phi^-1 ~'= 1/3'
18,6.820583810750577,1,2,17,4,phi^-1 ~'= 1/3'
19,4.136898146814929,1,2,3,4,phi^-1 ~'= 1/3'
20,2.509158490923255,1,2,1,4,phi^-1 ~'= 1/3'
21,1.5218833052122136,1,2,1,4,phi^-1 ~'= 1/3'
22,0.9230699374020332,1,2,0,4,phi^-1 ~'= 1/3'
23,0.559870852941458,1,2,1,4,phi^-1 ~'= 1/3'
24,0.3395792216069822,1,2,1,4,phi^-1 ~'= 1/3'
25,0.2059654416561898,1,2,0,4,phi^-1 ~'= 1/3'
1,1.8407634014772252,1,3,1,4,phi^-1 ~'= 1/3'
2,11.99267474786227,1,3,19,4,phi^-1 ~'= 1/3'
3,65.8448030303813,1,3,31,4,phi^-1 ~'= 1/3'
4,332.92357251135877,1,3,239,4,phi^-1 ~'= 1/3'
5,1196.6602601636155,1,3,852,4,phi^-1 ~'= 1/3'
6,1954.7095567272106,1,3,4014,4,phi^-1 ~'= 1/3'
7,1526.185473904823,1,3,1014,4,phi^-1 ~'= 1/3'
8,947.1530341819916,1,3,1422,4,phi^-1 ~'= 1/3'
9,575.1895331044834,1,3,856,4,phi^-1 ~'= 1/3'
10,348.9044324647002,1,3,300,4,phi^-1 ~'= 1/3'
11,211.62470940737967,1,3,196,4,phi^-1 ~'= 1/3'
12,128.35754549572812,1,3,63,4,phi^-1 ~'= 1/3'
13,77.85298895564301,1,3,65,4,phi^-1 ~'= 1/3'
14,47.22030530052143,1,3,32,4,phi^-1 ~'= 1/3'
15,28.640600899463607,1,3,21,4,phi^-1 ~'= 1/3'
16,17.371422356508447,1,3,14,4,phi^-1 ~'= 1/3'
17,10.536311224567726,1,3,3,4,phi^-1 ~'= 1/3'
18,6.390602091135406,1,3,7,4,phi^-1 ~'= 1/3'
19,3.876099794341826,1,3,1,4,phi^-1 ~'= 1/3'
20,2.3509755600225617,1,3,2,4,phi^-1 ~'= 1/3'
21,1.4259400723476574,1,3,1,4,phi^-1 ~'= 1/3'
22,0.864877164468453,1,3,0,4,phi^-1 ~'= 1/3'
23,0.5245749951609469,1,3,2,4,phi^-1 ~'= 1/3'
24,0.31817110703013896,1,3,1,4,phi^-1 ~'= 1/3'
25,0.19298070653803734,1,3,0,4,phi^-1 ~'= 1/3'
1,1.864637021484108,1,4,2,4,phi^-1 ~'= 1/3'
2,12.428811326502142,1,4,23,4,phi^-1 ~'= 1/3'
3,69.5847003686196,1,4,80,4,phi^-1 ~'= 1/3'
4,356.52263070104726,1,4,323,4,phi^-1 ~'= 1/3'
5,1264.292060948966,1,4,2597,4,phi^-1 ~'= 1/3'
6,1969.7036487819362,1,4,4118,4,phi^-1 ~'= 1/3'
7,1488.6776189189482,1,4,1213,4,phi^-1 ~'= 1/3'
8,918.7208658807958,1,4,431,4,phi^-1 ~'= 1/3'
9,557.6994419025395,1,4,460,4,phi^-1 ~'= 1/3'
10,338.28413469563475,1,4,478,4,phi^-1 ~'= 1/3'
11,205.1821039457509,1,4,150,4,phi^-1 ~'= 1/3'
12,124.44973779057545,1,4,76,4,phi^-1 ~'= 1/3'
13,75.48274200888591,1,4,48,4,phi^-1 ~'= 1/3'
14,45.78266395981973,1,4,23,4,phi^-1 ~'= 1/3'
15,27.768621661475663,1,4,58,4,phi^-1 ~'= 1/3'
16,16.84253753826306,1,4,3,4,phi^-1 ~'= 1/3'
17,10.215524985993397,1,4,2,4,phi^-1 ~'= 1/3'
18,6.196034645473446,1,4,1,4,phi^-1 ~'= 1/3'
19,3.758088242202575,1,4,0,4,phi^-1 ~'= 1/3'
20,2.2793976840230243,1,4,8,4,phi^-1 ~'= 1/3'
21,1.3825257470907673,1,4,1,4,phi^-1 ~'= 1/3'
22,0.8385449561183123,1,4,1,4,phi^-1 ~'= 1/3'
23,0.5086036499469628,1,4,0,4,phi^-1 ~'= 1/3'
24,0.308483964201514,1,4,1,4,phi^-1 ~'= 1/3'
25,0.18710513789028482,1,4,0,4,phi^-1 ~'= 1/3'
1,1.5851227216153134,1,1,4,5,phi^-1 ~'= 1/3'
2,8.83870458459217,1,1,1,5,phi^-1 ~'= 1/3'
3,41.73385526521061,1,1,22,5,phi^-1 ~'= 1/3'
4,188.36955387999848,1,1,83,5,phi^-1 ~'= 1/3'
5,713.2699385483762,1,1,739,5,phi^-1 ~'= 1/3'
6,1630.5725813722852,1,1,2558,5,phi^-1 ~'= 1/3'
7,1778.6480099470982,1,1,2050,5,phi^-1 ~'= 1/3'
8,1222.768154316257,1,1,510,5,phi^-1 ~'= 1/3'
9,752.1726014094875,1,1,232,5,phi^-1 ~'= 1/3'
10,456.8665226256371,1,1,937,5,phi^-1 ~'= 1/3'
11,277.1593701362526,1,1,561,5,phi^-1 ~'= 1/3'
12,168.11330862637806,1,1,134,5,phi^-1 ~'= 1/3'
13,101.9674952018031,1,1,186,5,phi^-1 ~'= 1/3'
14,61.84689502429865,1,1,50,5,phi^-1 ~'= 1/3'
15,37.51222317054817,1,1,18,5,phi^-1 ~'= 1/3'
16,22.752398062900284,1,1,41,5,phi^-1 ~'= 1/3'
17,13.800070554881131,1,1,1,5,phi^-1 ~'= 1/3'
18,8.370190162286235,1,1,12,5,phi^-1 ~'= 1/3'
19,5.076791198549472,1,1,6,5,phi^-1 ~'= 1/3'
20,3.079238150312449,1,1,4,5,phi^-1 ~'= 1/3'
21,1.867657694099762,1,1,7,5,phi^-1 ~'= 1/3'
22,1.132795006464221,1,1,3,5,phi^-1 ~'= 1/3'
23,0.6870770204623113,1,1,2,5,phi^-1 ~'= 1/3'
24,0.4167346212325356,1,1,0,5,phi^-1 ~'= 1/3'
25,0.25276317741099774,1,1,0,5,phi^-1 ~'= 1/3'
1,1.7818413517227678,1,2,2,5,phi^-1 ~'= 1/3'
2,11.117557376401715,1,2,5,5,phi^-1 ~'= 1/3'
3,58.683439386138105,1,2,43,5,phi^-1 ~'= 1/3'
4,288.62106500799024,1,2,312,5,phi^-1 ~'= 1/3'
5,1061.5082610561785,1,2,368,5,phi^-1 ~'= 1/3'
6,1906.0225666201788,1,2,1288,5,phi^-1 ~'= 1/3'
7,1601.864827347118,1,2,577,5,phi^-1 ~'= 1/3'
8,1009.4393886399021,1,2,634,5,phi^-1 ~'= 1/3'
9,613.8080972361795,1,2,451,5,phi^-1 ~'= 1/3'
10,372.3713711095261,1,2,357,5,phi^-1 ~'= 1/3'
11,225.86189548289985,1,2,274,5,phi^-1 ~'= 1/3'
12,136.9934007287966,1,2,55,5,phi^-1 ~'= 1/3'
13,83.09103161068197,1,2,85,5,phi^-1 ~'= 1/3'
14,50.397380932024134,1,2,43,5,phi^-1 ~'= 1/3'
15,30.567611534396747,1,2,95,5,phi^-1 ~'= 1/3'
16,18.540221224332527,1,2,1,5,phi^-1 ~'= 1/3'
17,11.245227597823032,1,2,13,5,phi^-1 ~'= 1/3'
18,6.820583810750577,1,2,1,5,phi^-1 ~'= 1/3'
19,4.136898146814929,1,2,4,5,phi^-1 ~'= 1/3'
20,2.509158490923255,1,2,4,5,phi^-1 ~'= 1/3'
21,1.5218833052122136,1,2,2,5,phi^-1 ~'= 1/3'
22,0.9230699374020332,1,2,1,5,phi^-1 ~'= 1/3'
23,0.559870852941458,1,2,0,5,phi^-1 ~'= 1/3'
24,0.3395792216069822,1,2,0,5,phi^-1 ~'= 1/3'
25,0.2059654416561898,1,2,1,5,phi^-1 ~'= 1/3'
1,1.8407634014772252,1,3,2,5,phi^-1 ~'= 1/3'
2,11.99267474786227,1,3,13,5,phi^-1 ~'= 1/3'
3,65.8448030303813,1,3,49,5,phi^-1 ~'= 1/3'
4,332.92357251135877,1,3,535,5,phi^-1 ~'= 1/3'
5,1196.6602601636155,1,3,819,5,phi^-1 ~'= 1/3'
6,1954.7095567272106,1,3,1645,5,phi^-1 ~'= 1/3'
7,1526.185473904823,1,3,563,5,phi^-1 ~'= 1/3'
8,947.1530341819916,1,3,1544,5,phi^-1 ~'= 1/3'
9,575.1895331044834,1,3,609,5,phi^-1 ~'= 1/3'
10,348.9044324647002,1,3,271,5,phi^-1 ~'= 1/3'
11,211.62470940737967,1,3,130,5,phi^-1 ~'= 1/3'
12,128.35754549572812,1,3,93,5,phi^-1 ~'= 1/3'
13,77.85298895564301,1,3,47,5,phi^-1 ~'= 1/3'
14,47.22030530052143,1,3,66,5,phi^-1 ~'= 1/3'
15,28.640600899463607,1,3,34,5,phi^-1 ~'= 1/3'
16,17.371422356508447,1,3,22,5,phi^-1 ~'= 1/3'
17,10.536311224567726,1,3,14,5,phi^-1 ~'= 1/3'
18,6.390602091135406,1,3,6,5,phi^-1 ~'= 1/3'
19,3.876099794341826,1,3,5,5,phi^-1 ~'= 1/3'
20,2.3509755600225617,1,3,2,5,phi^-1 ~'= 1/3'
21,1.4259400723476574,1,3,1,5,phi^-1 ~'= 1/3'
22,0.864877164468453,1,3,1,5,phi^-1 ~'= 1/3'
23,0.5245749951609469,1,3,0,5,phi^-1 ~'= 1/3'
24,0.31817110703013896,1,3,1,5,phi^-1 ~'= 1/3'
25,0.19298070653803734,1,3,0,5,phi^-1 ~'= 1/3'
1,1.864637021484108,1,4,2,5,phi^-1 ~'= 1/3'
2,12.428811326502142,1,4,13,5,phi^-1 ~'= 1/3'
3,69.5847003686196,1,4,45,5,phi^-1 ~'= 1/3'
4,356.52263070104726,1,4,692,5,phi^-1 ~'= 1/3'
5,1264.292060948966,1,4,1298,5,phi^-1 ~'= 1/3'
6,1969.7036487819362,1,4,924,5,phi^-1 ~'= 1/3'
7,1488.6776189189482,1,4,1193,5,phi^-1 ~'= 1/3'
8,918.7208658807958,1,4,170,5,phi^-1 ~'= 1/3'
9,557.6994419025395,1,4,1100,5,phi^-1 ~'= 1/3'
10,338.28413469563475,1,4,211,5,phi^-1 ~'= 1/3'
11,205.1821039457509,1,4,132,5,phi^-1 ~'= 1/3'
12,124.44973779057545,1,4,114,5,phi^-1 ~'= 1/3'
13,75.48274200888591,1,4,70,5,phi^-1 ~'= 1/3'
14,45.78266395981973,1,4,41,5,phi^-1 ~'= 1/3'
15,27.768621661475663,1,4,10,5,phi^-1 ~'= 1/3'
16,16.84253753826306,1,4,13,5,phi^-1 ~'= 1/3'
17,10.215524985993397,1,4,8,5,phi^-1 ~'= 1/3'
18,6.196034645473446,1,4,6,5,phi^-1 ~'= 1/3'
19,3.758088242202575,1,4,4,5,phi^-1 ~'= 1/3'
20,2.2793976840230243,1,4,0,5,phi^-1 ~'= 1/3'
21,1.3825257470907673,1,4,0,5,phi^-1 ~'= 1/3'
22,0.8385449561183123,1,4,0,5,phi^-1 ~'= 1/3'
23,0.5086036499469628,1,4,0,5,phi^-1 ~'= 1/3'
24,0.308483964201514,1,4,0,5,phi^-1 ~'= 1/3'
25,0.18710513789028482,1,4,0,5,phi^-1 ~'= 1/3'
1,1.5851227216153134,1,1,4,6,phi^-1 ~'= 1/3'
2,8.83870458459217,1,1,22,6,phi^-1 ~'= 1/3'
3,41.73385526521061,1,1,61,6,phi^-1 ~'= 1/3'
4,188.36955387999848,1,1,38,6,phi^-1 ~'= 1/3'
5,713.2699385483762,1,1,654,6,phi^-1 ~'= 1/3'
6,1630.5725813722852,1,1,2088,6,phi^-1 ~'= 1/3'
7,1778.6480099470982,1,1,1266,6,phi^-1 ~'= 1/3'
8,1222.768154316257,1,1,116,6,phi^-1 ~'= 1/3'
9,752.1726014094875,1,1,492,6,phi^-1 ~'= 1/3'
10,456.8665226256371,1,1,736,6,phi^-1 ~'= 1/3'
11,277.1593701362526,1,1,187,6,phi^-1 ~'= 1/3'
12,168.11330862637806,1,1,158,6,phi^-1 ~'= 1/3'
13,101.9674952018031,1,1,125,6,phi^-1 ~'= 1/3'
14,61.84689502429865,1,1,173,6,phi^-1 ~'= 1/3'
15,37.51222317054817,1,1,80,6,phi^-1 ~'= 1/3'
16,22.752398062900284,1,1,17,6,phi^-1 ~'= 1/3'
17,13.800070554881131,1,1,11,6,phi^-1 ~'= 1/3'
18,8.370190162286235,1,1,3,6,phi^-1 ~'= 1/3'
19,5.076791198549472,1,1,6,6,phi^-1 ~'= 1/3'
20,3.079238150312449,1,1,3,6,phi^-1 ~'= 1/3'
21,1.867657694099762,1,1,2,6,phi^-1 ~'= 1/3'
22,1.132795006464221,1,1,0,6,phi^-1 ~'= 1/3'
23,0.6870770204623113,1,1,0,6,phi^-1 ~'= 1/3'
24,0.4167346212325356,1,1,1,6,phi^-1 ~'= 1/3'
25,0.25276317741099774,1,1,0,6,phi^-1 ~'= 1/3'
1,1.7818413517227678,1,2,2,6,phi^-1 ~'= 1/3'
2,11.117557376401715,1,2,5,6,phi^-1 ~'= 1/3'
3,58.683439386138105,1,2,31,6,phi^-1 ~'= 1/3'
4,288.62106500799024,1,2,230,6,phi^-1 ~'= 1/3'
5,1061.5082610561785,1,2,3504,6,phi^-1 ~'= 1/3'
6,1906.0225666201788,1,2,765,6,phi^-1 ~'= 1/3'
7,1601.864827347118,1,2,510,6,phi^-1 ~'= 1/3'
8,1009.4393886399021,1,2,1329,6,phi^-1 ~'= 1/3'
9,613.8080972361795,1,2,378,6,phi^-1 ~'= 1/3'
10,372.3713711095261,1,2,225,6,phi^-1 ~'= 1/3'
11,225.86189548289985,1,2,118,6,phi^-1 ~'= 1/3'
12,136.9934007287966,1,2,167,6,phi^-1 ~'= 1/3'
13,83.09103161068197,1,2,30,6,phi^-1 ~'= 1/3'
14,50.397380932024134,1,2,24,6,phi^-1 ~'= 1/3'
15,30.567611534396747,1,2,31,6,phi^-1 ~'= 1/3'
16,18.540221224332527,1,2,10,6,phi^-1 ~'= 1/3'
17,11.245227597823032,1,2,13,6,phi^-1 ~'= 1/3'
18,6.820583810750577,1,2,12,6,phi^-1 ~'= 1/3'
19,4.136898146814929,1,2,8,6,phi^-1 ~'= 1/3'
20,2.509158490923255,1,2,0,6,phi^-1 ~'= 1/3'
21,1.5218833052122136,1,2,1,6,phi^-1 ~'= 1/3'
22,0.9230699374020332,1,2,1,6,phi^-1 ~'= 1/3'
23,0.559870852941458,1,2,0,6,phi^-1 ~'= 1/3'
24,0.3395792216069822,1,2,1,6,phi^-1 ~'= 1/3'
25,0.2059654416561898,1,2,1,6,phi^-1 ~'= 1/3'
1,1.8407634014772252,1,3,1,6,phi^-1 ~'= 1/3'
2,11.99267474786227,1,3,5,6,phi^-1 ~'= 1/3'
3,65.8448030303813,1,3,51,6,phi^-1 ~'= 1/3'
4,332.92357251135877,1,3,540,6,phi^-1 ~'= 1/3'
5,1196.6602601636155,1,3,1482,6,phi^-1 ~'= 1/3'
6,1954.7095567272106,1,3,1956,6,phi^-1 ~'= 1/3'
7,1526.185473904823,1,3,1311,6,phi^-1 ~'= 1/3'
8,947.1530341819916,1,3,331,6,phi^-1 ~'= 1/3'
9,575.1895331044834,1,3,482,6,phi^-1 ~'= 1/3'
10,348.9044324647002,1,3,556,6,phi^-1 ~'= 1/3'
11,211.62470940737967,1,3,227,6,phi^-1 ~'= 1/3'
12,128.35754549572812,1,3,151,6,phi^-1 ~'= 1/3'
13,77.85298895564301,1,3,149,6,phi^-1 ~'= 1/3'
14,47.22030530052143,1,3,47,6,phi^-1 ~'= 1/3'
15,28.640600899463607,1,3,34,6,phi^-1 ~'= 1/3'
16,17.371422356508447,1,3,39,6,phi^-1 ~'= 1/3'
17,10.536311224567726,1,3,14,6,phi^-1 ~'= 1/3'
18,6.390602091135406,1,3,7,6,phi^-1 ~'= 1/3'
19,3.876099794341826,1,3,3,6,phi^-1 ~'= 1/3'
20,2.3509755600225617,1,3,4,6,phi^-1 ~'= 1/3'
21,1.4259400723476574,1,3,0,6,phi^-1 ~'= 1/3'
22,0.864877164468453,1,3,0,6,phi^-1 ~'= 1/3'
23,0.5245749951609469,1,3,0,6,phi^-1 ~'= 1/3'
24,0.31817110703013896,1,3,0,6,phi^-1 ~'= 1/3'
25,0.19298070653803734,1,3,0,6,phi^-1 ~'= 1/3'
1,1.864637021484108,1,4,5,6,phi^-1 ~'= 1/3'
2,12.428811326502142,1,4,10,6,phi^-1 ~'= 1/3'
3,69.5847003686196,1,4,38,6,phi^-1 ~'= 1/3'
4,356.52263070104726,1,4,169,6,phi^-1 ~'= 1/3'
5,1264.292060948966,1,4,1749,6,phi^-1 ~'= 1/3'
6,1969.7036487819362,1,4,2353,6,phi^-1 ~'= 1/3'
7,1488.6776189189482,1,4,2351,6,phi^-1 ~'= 1/3'
8,918.7208658807958,1,4,1703,6,phi^-1 ~'= 1/3'
9,557.6994419025395,1,4,1026,6,phi^-1 ~'= 1/3'
10,338.28413469563475,1,4,217,6,phi^-1 ~'= 1/3'
11,205.1821039457509,1,4,90,6,phi^-1 ~'= 1/3'
12,124.44973779057545,1,4,170,6,phi^-1 ~'= 1/3'
13,75.48274200888591,1,4,67,6,phi^-1 ~'= 1/3'
14,45.78266395981973,1,4,14,6,phi^-1 ~'= 1/3'
15,27.768621661475663,1,4,21,6,phi^-1 ~'= 1/3'
16,16.84253753826306,1,4,28,6,phi^-1 ~'= 1/3'
17,10.215524985993397,1,4,27,6,phi^-1 ~'= 1/3'
18,6.196034645473446,1,4,3,6,phi^-1 ~'= 1/3'
19,3.758088242202575,1,4,5,6,phi^-1 ~'= 1/3'
20,2.2793976840230243,1,4,2,6,phi^-1 ~'= 1/3'
21,1.3825257470907673,1,4,2,6,phi^-1 ~'= 1/3'
22,0.8385449561183123,1,4,2,6,phi^-1 ~'= 1/3'
23,0.5086036499469628,1,4,1,6,phi^-1 ~'= 1/3'
24,0.308483964201514,1,4,0,6,phi^-1 ~'= 1/3'
25,0.18710513789028482,1,4,0,6,phi^-1 ~'= 1/3'
1,1.5851227216153134,1,1,8,7,phi^-1 ~'= 1/3'
2,8.83870458459217,1,1,3,7,phi^-1 ~'= 1/3'
3,41.73385526521061,1,1,29,7,phi^-1 ~'= 1/3'
4,188.36955387999848,1,1,62,7,phi^-1 ~'= 1/3'
5,713.2699385483762,1,1,865,7,phi^-1 ~'= 1/3'
6,1630.5725813722852,1,1,2007,7,phi^-1 ~'= 1/3'
7,1778.6480099470982,1,1,657,7,phi^-1 ~'= 1/3'
8,1222.768154316257,1,1,897,7,phi^-1 ~'= 1/3'
9,752.1726014094875,1,1,859,7,phi^-1 ~'= 1/3'
10,456.8665226256371,1,1,1817,7,phi^-1 ~'= 1/3'
11,277.1593701362526,1,1,353,7,phi^-1 ~'= 1/3'
12,168.11330862637806,1,1,86,7,phi^-1 ~'= 1/3'
13,101.9674952018031,1,1,99,7,phi^-1 ~'= 1/3'
14,61.84689502429865,1,1,69,7,phi^-1 ~'= 1/3'
15,37.51222317054817,1,1,62,7,phi^-1 ~'= 1/3'
16,22.752398062900284,1,1,18,7,phi^-1 ~'= 1/3'
17,13.800070554881131,1,1,25,7,phi^-1 ~'= 1/3'
18,8.370190162286235,1,1,3,7,phi^-1 ~'= 1/3'
19,5.076791198549472,1,1,0,7,phi^-1 ~'= 1/3'
20,3.079238150312449,1,1,6,7,phi^-1 ~'= 1/3'
21,1.867657694099762,1,1,2,7,phi^-1 ~'= 1/3'
22,1.132795006464221,1,1,0,7,phi^-1 ~'= 1/3'
23,0.6870770204623113,1,1,0,7,phi^-1 ~'= 1/3'
24,0.4167346212325356,1,1,2,7,phi^-1 ~'= 1/3'
25,0.25276317741099774,1,1,0,7,phi^-1 ~'= 1/3'
1,1.7818413517227678,1,2,7,7,phi^-1 ~'= 1/3'
2,11.117557376401715,1,2,23,7,phi^-1 ~'= 1/3'
3,58.683439386138105,1,2,92,7,phi^-1 ~'= 1/3'
4,288.62106500799024,1,2,177,7,phi^-1 ~'= 1/3'
5,1061.5082610561785,1,2,1220,7,phi^-1 ~'= 1/3'
6,1906.0225666201788,1,2,1365,7,phi^-1 ~'= 1/3'
7,1601.864827347118,1,2,1528,7,phi^-1 ~'= 1/3'
8,1009.4393886399021,1,2,1365,7,phi^-1 ~'= 1/3'
9,613.8080972361795,1,2,453,7,phi^-1 ~'= 1/3'
10,372.3713711095261,1,2,125,7,phi^-1 ~'= 1/3'
11,225.86189548289985,1,2,136,7,phi^-1 ~'= 1/3'
12,136.9934007287966,1,2,56,7,phi^-1 ~'= 1/3'
13,83.09103161068197,1,2,133,7,phi^-1 ~'= 1/3'
14,50.397380932024134,1,2,107,7,phi^-1 ~'= 1/3'
15,30.567611534396747,1,2,5,7,phi^-1 ~'= 1/3'
16,18.540221224332527,1,2,14,7,phi^-1 ~'= 1/3'
17,11.245227597823032,1,2,7,7,phi^-1 ~'= 1/3'
18,6.820583810750577,1,2,17,7,phi^-1 ~'= 1/3'
19,4.136898146814929,1,2,2,7,phi^-1 ~'= 1/3'
20,2.509158490923255,1,2,1,7,phi^-1 ~'= 1/3'
21,1.5218833052122136,1,2,3,7,phi^-1 ~'= 1/3'
22,0.9230699374020332,1,2,4,7,phi^-1 ~'= 1/3'
23,0.559870852941458,1,2,0,7,phi^-1 ~'= 1/3'
24,0.3395792216069822,1,2,0,7,phi^-1 ~'= 1/3'
25,0.2059654416561898,1,2,0,7,phi^-1 ~'= 1/3'
1,1.8407634014772252,1,3,0,7,phi^-1 ~'= 1/3'
2,11.99267474786227,1,3,8,7,phi^-1 ~'= 1/3'
3,65.8448030303813,1,3,171,7,phi^-1 ~'= 1/3'
4,332.92357251135877,1,3,226,7,phi^-1 ~'= 1/3'
5,1196.6602601636155,1,3,490,7,phi^-1 ~'= 1/3'
6,1954.7095567272106,1,3,1015,7,phi^-1 ~'= 1/3'
7,1526.185473904823,1,3,439,7,phi^-1 ~'= 1/3'
8,947.1530341819916,1,3,320,7,phi^-1 ~'= 1/3'
9,575.1895331044834,1,3,739,7,phi^-1 ~'= 1/3'
10,348.9044324647002,1,3,489,7,phi^-1 ~'= 1/3'
11,211.62470940737967,1,3,103,7,phi^-1 ~'= 1/3'
12,128.35754549572812,1,3,438,7,phi^-1 ~'= 1/3'
13,77.85298895564301,1,3,115,7,phi^-1 ~'= 1/3'
14,47.22030530052143,1,3,15,7,phi^-1 ~'= 1/3'
15,28.640600899463607,1,3,5,7,phi^-1 ~'= 1/3'
16,17.371422356508447,1,3,13,7,phi^-1 ~'= 1/3'
17,10.536311224567726,1,3,5,7,phi^-1 ~'= 1/3'
18,6.390602091135406,1,3,9,7,phi^-1 ~'= 1/3'
19,3.876099794341826,1,3,12,7,phi^-1 ~'= 1/3'
20,2.3509755600225617,1,3,5,7,phi^-1 ~'= 1/3'
21,1.4259400723476574,1,3,4,7,phi^-1 ~'= 1/3'
22,0.864877164468453,1,3,1,7,phi^-1 ~'= 1/3'
23,0.5245749951609469,1,3,0,7,phi^-1 ~'= 1/3'
24,0.31817110703013896,1,3,1,7,phi^-1 ~'= 1/3'
25,0.19298070653803734,1,3,0,7,phi^-1 ~'= 1/3'
1,1.864637021484108,1,4,9,7,phi^-1 ~'= 1/3'
2,12.428811326502142,1,4,14,7,phi^-1 ~'= 1/3'
3,69.5847003686196,1,4,51,7,phi^-1 ~'= 1/3'
4,356.52263070104726,1,4,406,7,phi^-1 ~'= 1/3'
5,1264.292060948966,1,4,368,7,phi^-1 ~'= 1/3'
6,1969.7036487819362,1,4,1228,7,phi^-1 ~'= 1/3'
7,1488.6776189189482,1,4,701,7,phi^-1 ~'= 1/3'
8,918.7208658807958,1,4,591,7,phi^-1 ~'= 1/3'
9,557.6994419025395,1,4,1248,7,phi^-1 ~'= 1/3'
10,338.28413469563475,1,4,791,7,phi^-1 ~'= 1/3'
11,205.1821039457509,1,4,99,7,phi^-1 ~'= 1/3'
12,124.44973779057545,1,4,30,7,phi^-1 ~'= 1/3'
13,75.48274200888591,1,4,31,7,phi^-1 ~'= 1/3'
14,45.78266395981973,1,4,74,7,phi^-1 ~'= 1/3'
15,27.768621661475663,1,4,30,7,phi^-1 ~'= 1/3'
16,16.84253753826306,1,4,15,7,phi^-1 ~'= 1/3'
17,10.215524985993397,1,4,13,7,phi^-1 ~'= 1/3'
18,6.196034645473446,1,4,13,7,phi^-1 ~'= 1/3'
19,3.758088242202575,1,4,6,7,phi^-1 ~'= 1/3'
20,2.2793976840230243,1,4,2,7,phi^-1 ~'= 1/3'
21,1.3825257470907673,1,4,3,7,phi^-1 ~'= 1/3'
22,0.8385449561183123,1,4,0,7,phi^-1 ~'= 1/3'
23,0.5086036499469628,1,4,3,7,phi^-1 ~'= 1/3'
24,0.308483964201514,1,4,2,7,phi^-1 ~'= 1/3'
25,0.18710513789028482,1,4,0,7,phi^-1 ~'= 1/3'
1,1.5851227216153134,1,1,1,8,phi^-1 ~'= 1/3'
2,8.83870458459217,1,1,12,8,phi^-1 ~'= 1/3'
3,41.73385526521061,1,1,81,8,phi^-1 ~'= 1/3'
4,188.36955387999848,1,1,61,8,phi^-1 ~'= 1/3'
5,713.2699385483762,1,1,603,8,phi^-1 ~'= 1/3'
6,1630.5725813722852,1,1,592,8,phi^-1 ~'= 1/3'
7,1778.6480099470982,1,1,1525,8,phi^-1 ~'= 1/3'
8,1222.768154316257,1,1,565,8,phi^-1 ~'= 1/3'
9,752.1726014094875,1,1,2055,8,phi^-1 ~'= 1/3'
10,456.8665226256371,1,1,481,8,phi^-1 ~'= 1/3'
11,277.1593701362526,1,1,235,8,phi^-1 ~'= 1/3'
12,168.11330862637806,1,1,167,8,phi^-1 ~'= 1/3'
13,101.9674952018031,1,1,131,8,phi^-1 ~'= 1/3'
14,61.84689502429865,1,1,17,8,phi^-1 ~'= 1/3'
15,37.51222317054817,1,1,27,8,phi^-1 ~'= 1/3'
16,22.752398062900284,1,1,21,8,phi^-1 ~'= 1/3'
17,13.800070554881131,1,1,23,8,phi^-1 ~'= 1/3'
18,8.370190162286235,1,1,5,8,phi^-1 ~'= 1/3'
19,5.076791198549472,1,1,0,8,phi^-1 ~'= 1/3'
20,3.079238150312449,1,1,6,8,phi^-1 ~'= 1/3'
21,1.867657694099762,1,1,0,8,phi^-1 ~'= 1/3'
22,1.132795006464221,1,1,5,8,phi^-1 ~'= 1/3'
23,0.6870770204623113,1,1,1,8,phi^-1 ~'= 1/3'
24,0.4167346212325356,1,1,1,8,phi^-1 ~'= 1/3'
25,0.25276317741099774,1,1,0,8,phi^-1 ~'= 1/3'
1,1.7818413517227678,1,2,1,8,phi^-1 ~'= 1/3'
2,11.117557376401715,1,2,10,8,phi^-1 ~'= 1/3'
3,58.683439386138105,1,2,67,8,phi^-1 ~'= 1/3'
4,288.62106500799024,1,2,428,8,phi^-1 ~'= 1/3'
5,1061.5082610561785,1,2,358,8,phi^-1 ~'= 1/3'
6,1906.0225666201788,1,2,945,8,phi^-1 ~'= 1/3'
7,1601.864827347118,1,2,2478,8,phi^-1 ~'= 1/3'
8,1009.4393886399021,1,2,1526,8,phi^-1 ~'= 1/3'
9,613.8080972361795,1,2,1223,8,phi^-1 ~'= 1/3'
10,372.3713711095261,1,2,347,8,phi^-1 ~'= 1/3'
11,225.86189548289985,1,2,244,8,phi^-1 ~'= 1/3'
12,136.9934007287966,1,2,74,8,phi^-1 ~'= 1/3'
13,83.09103161068197,1,2,84,8,phi^-1 ~'= 1/3'
14,50.397380932024134,1,2,106,8,phi^-1 ~'= 1/3'
15,30.567611534396747,1,2,29,8,phi^-1 ~'= 1/3'
16,18.540221224332527,1,2,4,8,phi^-1 ~'= 1/3'
17,11.245227597823032,1,2,2,8,phi^-1 ~'= 1/3'
18,6.820583810750577,1,2,3,8,phi^-1 ~'= 1/3'
19,4.136898146814929,1,2,4,8,phi^-1 ~'= 1/3'
20,2.509158490923255,1,2,3,8,phi^-1 ~'= 1/3'
21,1.5218833052122136,1,2,1,8,phi^-1 ~'= 1/3'
22,0.9230699374020332,1,2,0,8,phi^-1 ~'= 1/3'
23,0.559870852941458,1,2,1,8,phi^-1 ~'= 1/3'
24,0.3395792216069822,1,2,1,8,phi^-1 ~'= 1/3'
25,0.2059654416561898,1,2,0,8,phi^-1 ~'= 1/3'
1,1.8407634014772252,1,3,2,8,phi^-1 ~'= 1/3'
2,11.99267474786227,1,3,10,8,phi^-1 ~'= 1/3'
3,65.8448030303813,1,3,126,8,phi^-1 ~'= 1/3'
4,332.92357251135877,1,3,632,8,phi^-1 ~'= 1/3'
5,1196.6602601636155,1,3,811,8,phi^-1 ~'= 1/3'
6,1954.7095567272106,1,3,1174,8,phi^-1 ~'= 1/3'
7,1526.185473904823,1,3,2740,8,phi^-1 ~'= 1/3'
8,947.1530341819916,1,3,778,8,phi^-1 ~'= 1/3'
9,575.1895331044834,1,3,425,8,phi^-1 ~'= 1/3'
10,348.9044324647002,1,3,20,8,phi^-1 ~'= 1/3'
11,211.62470940737967,1,3,356,8,phi^-1 ~'= 1/3'
12,128.35754549572812,1,3,110,8,phi^-1 ~'= 1/3'
13,77.85298895564301,1,3,48,8,phi^-1 ~'= 1/3'
14,47.22030530052143,1,3,54,8,phi^-1 ~'= 1/3'
15,28.640600899463607,1,3,26,8,phi^-1 ~'= 1/3'
16,17.371422356508447,1,3,11,8,phi^-1 ~'= 1/3'
17,10.536311224567726,1,3,5,8,phi^-1 ~'= 1/3'
18,6.390602091135406,1,3,1,8,phi^-1 ~'= 1/3'
19,3.876099794341826,1,3,6,8,phi^-1 ~'= 1/3'
20,2.3509755600225617,1,3,1,8,phi^-1 ~'= 1/3'
21,1.4259400723476574,1,3,1,8,phi^-1 ~'= 1/3'
22,0.864877164468453,1,3,0,8,phi^-1 ~'= 1/3'
23,0.5245749951609469,1,3,0,8,phi^-1 ~'= 1/3'
24,0.31817110703013896,1,3,0,8,phi^-1 ~'= 1/3'
25,0.19298070653803734,1,3,0,8,phi^-1 ~'= 1/3'
1,1.864637021484108,1,4,0,8,phi^-1 ~'= 1/3'
2,12.428811326502142,1,4,17,8,phi^-1 ~'= 1/3'
3,69.5847003686196,1,4,16,8,phi^-1 ~'= 1/3'
4,356.52263070104726,1,4,92,8,phi^-1 ~'= 1/3'
5,1264.292060948966,1,4,1130,8,phi^-1 ~'= 1/3'
6,1969.7036487819362,1,4,1498,8,phi^-1 ~'= 1/3'
7,1488.6776189189482,1,4,482,8,phi^-1 ~'= 1/3'
8,918.7208658807958,1,4,967,8,phi^-1 ~'= 1/3'
9,557.6994419025395,1,4,241,8,phi^-1 ~'= 1/3'
10,338.28413469563475,1,4,725,8,phi^-1 ~'= 1/3'
11,205.1821039457509,1,4,275,8,phi^-1 ~'= 1/3'
12,124.44973779057545,1,4,104,8,phi^-1 ~'= 1/3'
13,75.48274200888591,1,4,84,8,phi^-1 ~'= 1/3'
14,45.78266395981973,1,4,57,8,phi^-1 ~'= 1/3'
15,27.768621661475663,1,4,27,8,phi^-1 ~'= 1/3'
16,16.84253753826306,1,4,20,8,phi^-1 ~'= 1/3'
17,10.215524985993397,1,4,3,8,phi^-1 ~'= 1/3'
18,6.196034645473446,1,4,5,8,phi^-1 ~'= 1/3'
19,3.758088242202575,1,4,2,8,phi^-1 ~'= 1/3'
20,2.2793976840230243,1,4,1,8,phi^-1 ~'= 1/3'
21,1.3825257470907673,1,4,2,8,phi^-1 ~'= 1/3'
22,0.8385449561183123,1,4,1,8,phi^-1 ~'= 1/3'
23,0.5086036499469628,1,4,0,8,phi^-1 ~'= 1/3'
24,0.308483964201514,1,4,1,8,phi^-1 ~'= 1/3'
25,0.18710513789028482,1,4,0,8,phi^-1 ~'= 1/3'
1,1.5851227216153134,1,1,1,9,phi^-1 ~'= 1/3'
2,8.83870458459217,1,1,11,9,phi^-1 ~'= 1/3'
3,41.73385526521061,1,1,87,9,phi^-1 ~'= 1/3'
4,188.36955387999848,1,1,196,9,phi^-1 ~'= 1/3'
5,713.2699385483762,1,1,214,9,phi^-1 ~'= 1/3'
6,1630.5725813722852,1,1,1399,9,phi^-1 ~'= 1/3'
7,1778.6480099470982,1,1,1656,9,phi^-1 ~'= 1/3'
8,1222.768154316257,1,1,1849,9,phi^-1 ~'= 1/3'
9,752.1726014094875,1,1,1152,9,phi^-1 ~'= 1/3'
10,456.8665226256371,1,1,305,9,phi^-1 ~'= 1/3'
11,277.1593701362526,1,1,60,9,phi^-1 ~'= 1/3'
12,168.11330862637806,1,1,333,9,phi^-1 ~'= 1/3'
13,101.9674952018031,1,1,70,9,phi^-1 ~'= 1/3'
14,61.84689502429865,1,1,65,9,phi^-1 ~'= 1/3'
15,37.51222317054817,1,1,51,9,phi^-1 ~'= 1/3'
16,22.752398062900284,1,1,11,9,phi^-1 ~'= 1/3'
17,13.800070554881131,1,1,22,9,phi^-1 ~'= 1/3'
18,8.370190162286235,1,1,3,9,phi^-1 ~'= 1/3'
19,5.076791198549472,1,1,4,9,phi^-1 ~'= 1/3'
20,3.079238150312449,1,1,3,9,phi^-1 ~'= 1/3'
21,1.867657694099762,1,1,1,9,phi^-1 ~'= 1/3'
22,1.132795006464221,1,1,0,9,phi^-1 ~'= 1/3'
23,0.6870770204623113,1,1,1,9,phi^-1 ~'= 1/3'
24,0.4167346212325356,1,1,2,9,phi^-1 ~'= 1/3'
25,0.25276317741099774,1,1,0,9,phi^-1 ~'= 1/3'
1,1.7818413517227678,1,2,4,9,phi^-1 ~'= 1/3'
2,11.117557376401715,1,2,8,9,phi^-1 ~'= 1/3'
3,58.683439386138105,1,2,33,9,phi^-1 ~'= 1/3'
4,288.62106500799024,1,2,593,9,phi^-1 ~'= 1/3'
5,1061.5082610561785,1,2,350,9,phi^-1 ~'= 1/3'
6,1906.0225666201788,1,2,2117,9,phi^-1 ~'= 1/3'
7,1601.864827347118,1,2,1887,9,phi^-1 ~'= 1/3'
8,1009.4393886399021,1,2,460,9,phi^-1 ~'= 1/3'
9,613.8080972361795,1,2,475,9,phi^-1 ~'= 1/3'
10,372.3713711095261,1,2,170,9,phi^-1 ~'= 1/3'
11,225.86189548289985,1,2,94,9,phi^-1 ~'= 1/3'
12,136.9934007287966,1,2,45,9,phi^-1 ~'= 1/3'
13,83.09103161068197,1,2,97,9,phi^-1 ~'= 1/3'
14,50.397380932024134,1,2,87,9,phi^-1 ~'= 1/3'
15,30.567611534396747,1,2,30,9,phi^-1 ~'= 1/3'
16,18.540221224332527,1,2,2,9,phi^-1 ~'= 1/3'
17,11.245227597823032,1,2,18,9,phi^-1 ~'= 1/3'
18,6.820583810750577,1,2,13,9,phi^-1 ~'= 1/3'
19,4.136898146814929,1,2,2,9,phi^-1 ~'= 1/3'
20,2.509158490923255,1,2,2,9,phi^-1 ~'= 1/3'
21,1.5218833052122136,1,2,2,9,phi^-1 ~'= 1/3'
22,0.9230699374020332,1,2,2,9,phi^-1 ~'= 1/3'
23,0.559870852941458,1,2,0,9,phi^-1 ~'= 1/3'
24,0.3395792216069822,1,2,0,9,phi^-1 ~'= 1/3'
25,0.2059654416561898,1,2,0,9,phi^-1 ~'= 1/3'
1,1.8407634014772252,1,3,0,9,phi^-1 ~'= 1/3'
2,11.99267474786227,1,3,4,9,phi^-1 ~'= 1/3'
3,65.8448030303813,1,3,71,9,phi^-1 ~'= 1/3'
4,332.92357251135877,1,3,442,9,phi^-1 ~'= 1/3'
5,1196.6602601636155,1,3,569,9,phi^-1 ~'= 1/3'
6,1954.7095567272106,1,3,3825,9,phi^-1 ~'= 1/3'
7,1526.185473904823,1,3,926,9,phi^-1 ~'= 1/3'
8,947.1530341819916,1,3,634,9,phi^-1 ~'= 1/3'
9,575.1895331044834,1,3,852,9,phi^-1 ~'= 1/3'
10,348.9044324647002,1,3,314,9,phi^-1 ~'= 1/3'
11,211.62470940737967,1,3,81,9,phi^-1 ~'= 1/3'
12,128.35754549572812,1,3,91,9,phi^-1 ~'= 1/3'
13,77.85298895564301,1,3,53,9,phi^-1 ~'= 1/3'
14,47.22030530052143,1,3,72,9,phi^-1 ~'= 1/3'
15,28.640600899463607,1,3,6,9,phi^-1 ~'= 1/3'
16,17.371422356508447,1,3,35,9,phi^-1 ~'= 1/3'
17,10.536311224567726,1,3,17,9,phi^-1 ~'= 1/3'
18,6.390602091135406,1,3,4,9,phi^-1 ~'= 1/3'
19,3.876099794341826,1,3,3,9,phi^-1 ~'= 1/3'
20,2.3509755600225617,1,3,1,9,phi^-1 ~'= 1/3'
21,1.4259400723476574,1,3,1,9,phi^-1 ~'= 1/3'
22,0.864877164468453,1,3,0,9,phi^-1 ~'= 1/3'
23,0.5245749951609469,1,3,0,9,phi^-1 ~'= 1/3'
24,0.31817110703013896,1,3,1,9,phi^-1 ~'= 1/3'
25,0.19298070653803734,1,3,0,9,phi^-1 ~'= 1/3'
1,1.864637021484108,1,4,2,9,phi^-1 ~'= 1/3'
2,12.428811326502142,1,4,6,9,phi^-1 ~'= 1/3'
3,69.5847003686196,1,4,31,9,phi^-1 ~'= 1/3'
4,356.52263070104726,1,4,535,9,phi^-1 ~'= 1/3'
5,1264.292060948966,1,4,1817,9,phi^-1 ~'= 1/3'
6,1969.7036487819362,1,4,387,9,phi^-1 ~'= 1/3'
7,1488.6776189189482,1,4,1788,9,phi^-1 ~'= 1/3'
8,918.7208658807958,1,4,840,9,phi^-1 ~'= 1/3'
9,557.6994419025395,1,4,1152,9,phi^-1 ~'= 1/3'
10,338.28413469563475,1,4,410,9,phi^-1 ~'= 1/3'
11,205.1821039457509,1,4,155,9,phi^-1 ~'= 1/3'
12,124.44973779057545,1,4,180,9,phi^-1 ~'= 1/3'
13,75.48274200888591,1,4,139,9,phi^-1 ~'= 1/3'
14,45.78266395981973,1,4,23,9,phi^-1 ~'= 1/3'
15,27.768621661475663,1,4,33,9,phi^-1 ~'= 1/3'
16,16.84253753826306,1,4,25,9,phi^-1 ~'= 1/3'
17,10.215524985993397,1,4,7,9,phi^-1 ~'= 1/3'
18,6.196034645473446,1,4,3,9,phi^-1 ~'= 1/3'
19,3.758088242202575,1,4,1,9,phi^-1 ~'= 1/3'
20,2.2793976840230243,1,4,1,9,phi^-1 ~'= 1/3'
21,1.3825257470907673,1,4,1,9,phi^-1 ~'= 1/3'
22,0.8385449561183123,1,4,0,9,phi^-1 ~'= 1/3'
23,0.5086036499469628,1,4,1,9,phi^-1 ~'= 1/3'
24,0.308483964201514,1,4,0,9,phi^-1 ~'= 1/3'
25,0.18710513789028482,1,4,0,9,phi^-1 ~'= 1/3'
1,1.5851227216153134,1,1,0,10,phi^-1 ~'= 1/3'
2,8.83870458459217,1,1,18,10,phi^-1 ~'= 1/3'
3,41.73385526521061,1,1,60,10,phi^-1 ~'= 1/3'
4,188.36955387999848,1,1,99,10,phi^-1 ~'= 1/3'
5,713.2699385483762,1,1,279,10,phi^-1 ~'= 1/3'
6,1630.5725813722852,1,1,1253,10,phi^-1 ~'= 1/3'
7,1778.6480099470982,1,1,1875,10,phi^-1 ~'= 1/3'
8,1222.768154316257,1,1,1204,10,phi^-1 ~'= 1/3'
9,752.1726014094875,1,1,1303,10,phi^-1 ~'= 1/3'
10,456.8665226256371,1,1,288,10,phi^-1 ~'= 1/3'
11,277.1593701362526,1,1,162,10,phi^-1 ~'= 1/3'
12,168.11330862637806,1,1,160,10,phi^-1 ~'= 1/3'
13,101.9674952018031,1,1,84,10,phi^-1 ~'= 1/3'
14,61.84689502429865,1,1,31,10,phi^-1 ~'= 1/3'
15,37.51222317054817,1,1,69,10,phi^-1 ~'= 1/3'
16,22.752398062900284,1,1,12,10,phi^-1 ~'= 1/3'
17,13.800070554881131,1,1,41,10,phi^-1 ~'= 1/3'
18,8.370190162286235,1,1,4,10,phi^-1 ~'= 1/3'
19,5.076791198549472,1,1,0,10,phi^-1 ~'= 1/3'
20,3.079238150312449,1,1,0,10,phi^-1 ~'= 1/3'
21,1.867657694099762,1,1,0,10,phi^-1 ~'= 1/3'
22,1.132795006464221,1,1,2,10,phi^-1 ~'= 1/3'
23,0.6870770204623113,1,1,0,10,phi^-1 ~'= 1/3'
24,0.4167346212325356,1,1,0,10,phi^-1 ~'= 1/3'
25,0.25276317741099774,1,1,0,10,phi^-1 ~'= 1/3'
1,1.7818413517227678,1,2,0,10,phi^-1 ~'= 1/3'
2,11.117557376401715,1,2,16,10,phi^-1 ~'= 1/3'
3,58.683439386138105,1,2,213,10,phi^-1 ~'= 1/3'
4,288.62106500799024,1,2,81,10,phi^-1 ~'= 1/3'
5,1061.5082610561785,1,2,1358,10,phi^-1 ~'= 1/3'
6,1906.0225666201788,1,2,2656,10,phi^-1 ~'= 1/3'
7,1601.864827347118,1,2,2068,10,phi^-1 ~'= 1/3'
8,1009.4393886399021,1,2,630,10,phi^-1 ~'= 1/3'
9,613.8080972361795,1,2,834,10,phi^-1 ~'= 1/3'
10,372.3713711095261,1,2,599,10,phi^-1 ~'= 1/3'
11,225.86189548289985,1,2,77,10,phi^-1 ~'= 1/3'
12,136.9934007287966,1,2,73,10,phi^-1 ~'= 1/3'
13,83.09103161068197,1,2,68,10,phi^-1 ~'= 1/3'
14,50.397380932024134,1,2,37,10,phi^-1 ~'= 1/3'
15,30.567611534396747,1,2,24,10,phi^-1 ~'= 1/3'
16,18.540221224332527,1,2,5,10,phi^-1 ~'= 1/3'
17,11.245227597823032,1,2,18,10,phi^-1 ~'= 1/3'
18,6.820583810750577,1,2,4,10,phi^-1 ~'= 1/3'
19,4.136898146814929,1,2,8,10,phi^-1 ~'= 1/3'
20,2.509158490923255,1,2,3,10,phi^-1 ~'= 1/3'
21,1.5218833052122136,1,2,3,10,phi^-1 ~'= 1/3'
22,0.9230699374020332,1,2,3,10,phi^-1 ~'= 1/3'
23,0.559870852941458,1,2,0,10,phi^-1 ~'= 1/3'
24,0.3395792216069822,1,2,0,10,phi^-1 ~'= 1/3'
25,0.2059654416561898,1,2,1,10,phi^-1 ~'= 1/3'
1,1.8407634014772252,1,3,5,10,phi^-1 ~'= 1/3'
2,11.99267474786227,1,3,17,10,phi^-1 ~'= 1/3'
3,65.8448030303813,1,3,64,10,phi^-1 ~'= 1/3'
4,332.92357251135877,1,3,774,10,phi^-1 ~'= 1/3'
5,1196.6602601636155,1,3,2323,10,phi^-1 ~'= 1/3'
6,1954.7095567272106,1,3,3571,10,phi^-1 ~'= 1/3'
7,1526.185473904823,1,3,2653,10,phi^-1 ~'= 1/3'
8,947.1530341819916,1,3,581,10,phi^-1 ~'= 1/3'
9,575.1895331044834,1,3,550,10,phi^-1 ~'= 1/3'
10,348.9044324647002,1,3,105,10,phi^-1 ~'= 1/3'
11,211.62470940737967,1,3,354,10,phi^-1 ~'= 1/3'
12,128.35754549572812,1,3,133,10,phi^-1 ~'= 1/3'
13,77.85298895564301,1,3,61,10,phi^-1 ~'= 1/3'
14,47.22030530052143,1,3,60,10,phi^-1 ~'= 1/3'
15,28.640600899463607,1,3,12,10,phi^-1 ~'= 1/3'
16,17.371422356508447,1,3,14,10,phi^-1 ~'= 1/3'
17,10.536311224567726,1,3,12,10,phi^-1 ~'= 1/3'
18,6.390602091135406,1,3,8,10,phi^-1 ~'= 1/3'
19,3.876099794341826,1,3,5,10,phi^-1 ~'= 1/3'
20,2.3509755600225617,1,3,4,10,phi^-1 ~'= 1/3'
21,1.4259400723476574,1,3,0,10,phi^-1 ~'= 1/3'
22,0.864877164468453,1,3,0,10,phi^-1 ~'= 1/3'
23,0.5245749951609469,1,3,0,10,phi^-1 ~'= 1/3'
24,0.31817110703013896,1,3,0,10,phi^-1 ~'= 1/3'
25,0.19298070653803734,1,3,0,10,phi^-1 ~'= 1/3'
1,1.864637021484108,1,4,0,10,phi^-1 ~'= 1/3'
2,12.428811326502142,1,4,13,10,phi^-1 ~'= 1/3'
3,69.5847003686196,1,4,12,10,phi^-1 ~'= 1/3'
4,356.52263070104726,1,4,360,10,phi^-1 ~'= 1/3'
5,1264.292060948966,1,4,362,10,phi^-1 ~'= 1/3'
6,1969.7036487819362,1,4,3606,10,phi^-1 ~'= 1/3'
7,1488.6776189189482,1,4,1046,10,phi^-1 ~'= 1/3'
8,918.7208658807958,1,4,1082,10,phi^-1 ~'= 1/3'
9,557.6994419025395,1,4,768,10,phi^-1 ~'= 1/3'
10,338.28413469563475,1,4,433,10,phi^-1 ~'= 1/3'
11,205.1821039457509,1,4,123,10,phi^-1 ~'= 1/3'
12,124.44973779057545,1,4,172,10,phi^-1 ~'= 1/3'
13,75.48274200888591,1,4,126,10,phi^-1 ~'= 1/3'
14,45.78266395981973,1,4,64,10,phi^-1 ~'= 1/3'
15,27.768621661475663,1,4,5,10,phi^-1 ~'= 1/3'
16,16.84253753826306,1,4,21,10,phi^-1 ~'= 1/3'
17,10.215524985993397,1,4,4,10,phi^-1 ~'= 1/3'
18,6.196034645473446,1,4,4,10,phi^-1 ~'= 1/3'
19,3.758088242202575,1,4,2,10,phi^-1 ~'= 1/3'
20,2.2793976840230243,1,4,0,10,phi^-1 ~'= 1/3'
21,1.3825257470907673,1,4,3,10,phi^-1 ~'= 1/3'
22,0.8385449561183123,1,4,0,10,phi^-1 ~'= 1/3'
23,0.5086036499469628,1,4,0,10,phi^-1 ~'= 1/3'
24,0.308483964201514,1,4,0,10,phi^-1 ~'= 1/3'
25,0.18710513789028482,1,4,0,10,phi^-1 ~'= 1/3'
1,1.5851227216153134,1,1,1,11,phi^-1 ~'= 1/3'
2,8.83870458459217,1,1,6,11,phi^-1 ~'= 1/3'
3,41.73385526521061,1,1,20,11,phi^-1 ~'= 1/3'
4,188.36955387999848,1,1,128,11,phi^-1 ~'= 1/3'
5,713.2699385483762,1,1,1033,11,phi^-1 ~'= 1/3'
6,1630.5725813722852,1,1,2414,11,phi^-1 ~'= 1/3'
7,1778.6480099470982,1,1,472,11,phi^-1 ~'= 1/3'
8,1222.768154316257,1,1,729,11,phi^-1 ~'= 1/3'
9,752.1726014094875,1,1,244,11,phi^-1 ~'= 1/3'
10,456.8665226256371,1,1,72,11,phi^-1 ~'= 1/3'
11,277.1593701362526,1,1,270,11,phi^-1 ~'= 1/3'
12,168.11330862637806,1,1,249,11,phi^-1 ~'= 1/3'
13,101.9674952018031,1,1,93,11,phi^-1 ~'= 1/3'
14,61.84689502429865,1,1,51,11,phi^-1 ~'= 1/3'
15,37.51222317054817,1,1,126,11,phi^-1 ~'= 1/3'
16,22.752398062900284,1,1,36,11,phi^-1 ~'= 1/3'
17,13.800070554881131,1,1,4,11,phi^-1 ~'= 1/3'
18,8.370190162286235,1,1,7,11,phi^-1 ~'= 1/3'
19,5.076791198549472,1,1,11,11,phi^-1 ~'= 1/3'
20,3.079238150312449,1,1,2,11,phi^-1 ~'= 1/3'
21,1.867657694099762,1,1,2,11,phi^-1 ~'= 1/3'
22,1.132795006464221,1,1,0,11,phi^-1 ~'= 1/3'
23,0.6870770204623113,1,1,2,11,phi^-1 ~'= 1/3'
24,0.4167346212325356,1,1,1,11,phi^-1 ~'= 1/3'
25,0.25276317741099774,1,1,0,11,phi^-1 ~'= 1/3'
1,1.7818413517227678,1,2,3,11,phi^-1 ~'= 1/3'
2,11.117557376401715,1,2,5,11,phi^-1 ~'= 1/3'
3,58.683439386138105,1,2,46,11,phi^-1 ~'= 1/3'
4,288.62106500799024,1,2,90,11,phi^-1 ~'= 1/3'
5,1061.5082610561785,1,2,910,11,phi^-1 ~'= 1/3'
6,1906.0225666201788,1,2,726,11,phi^-1 ~'= 1/3'
7,1601.864827347118,1,2,2084,11,phi^-1 ~'= 1/3'
8,1009.4393886399021,1,2,867,11,phi^-1 ~'= 1/3'
9,613.8080972361795,1,2,494,11,phi^-1 ~'= 1/3'
10,372.3713711095261,1,2,173,11,phi^-1 ~'= 1/3'
11,225.86189548289985,1,2,179,11,phi^-1 ~'= 1/3'
12,136.9934007287966,1,2,254,11,phi^-1 ~'= 1/3'
13,83.09103161068197,1,2,87,11,phi^-1 ~'= 1/3'
14,50.397380932024134,1,2,46,11,phi^-1 ~'= 1/3'
15,30.567611534396747,1,2,14,11,phi^-1 ~'= 1/3'
16,18.540221224332527,1,2,29,11,phi^-1 ~'= 1/3'
17,11.245227597823032,1,2,29,11,phi^-1 ~'= 1/3'
18,6.820583810750577,1,2,10,11,phi^-1 ~'= 1/3'
19,4.136898146814929,1,2,4,11,phi^-1 ~'= 1/3'
20,2.509158490923255,1,2,0,11,phi^-1 ~'= 1/3'
21,1.5218833052122136,1,2,4,11,phi^-1 ~'= 1/3'
22,0.9230699374020332,1,2,0,11,phi^-1 ~'= 1/3'
23,0.559870852941458,1,2,0,11,phi^-1 ~'= 1/3'
24,0.3395792216069822,1,2,0,11,phi^-1 ~'= 1/3'
25,0.2059654416561898,1,2,0,11,phi^-1 ~'= 1/3'
1,1.8407634014772252,1,3,1,11,phi^-1 ~'= 1/3'
2,11.99267474786227,1,3,18,11,phi^-1 ~'= 1/3'
3,65.8448030303813,1,3,31,11,phi^-1 ~'= 1/3'
4,332.92357251135877,1,3,418,11,phi^-1 ~'= 1/3'
5,1196.6602601636155,1,3,998,11,phi^-1 ~'= 1/3'
6,1954.7095567272106,1,3,888,11,phi^-1 ~'= 1/3'
7,1526.185473904823,1,3,1823,11,phi^-1 ~'= 1/3'
8,947.1530341819916,1,3,492,11,phi^-1 ~'= 1/3'
9,575.1895331044834,1,3,261,11,phi^-1 ~'= 1/3'
10,348.9044324647002,1,3,367,11,phi^-1 ~'= 1/3'
11,211.62470940737967,1,3,59,11,phi^-1 ~'= 1/3'
12,128.35754549572812,1,3,135,11,phi^-1 ~'= 1/3'
13,77.85298895564301,1,3,55,11,phi^-1 ~'= 1/3'
14,47.22030530052143,1,3,52,11,phi^-1 ~'= 1/3'
15,28.640600899463607,1,3,8,11,phi^-1 ~'= 1/3'
16,17.371422356508447,1,3,18,11,phi^-1 ~'= 1/3'
17,10.536311224567726,1,3,3,11,phi^-1 ~'= 1/3'
18,6.390602091135406,1,3,4,11,phi^-1 ~'= 1/3'
19,3.876099794341826,1,3,5,11,phi^-1 ~'= 1/3'
20,2.3509755600225617,1,3,0,11,phi^-1 ~'= 1/3'
21,1.4259400723476574,1,3,0,11,phi^-1 ~'= 1/3'
22,0.864877164468453,1,3,1,11,phi^-1 ~'= 1/3'
23,0.5245749951609469,1,3,0,11,phi^-1 ~'= 1/3'
24,0.31817110703013896,1,3,0,11,phi^-1 ~'= 1/3'
25,0.19298070653803734,1,3,1,11,phi^-1 ~'= 1/3'
1,1.864637021484108,1,4,0,11,phi^-1 ~'= 1/3'
2,12.428811326502142,1,4,6,11,phi^-1 ~'= 1/3'
3,69.5847003686196,1,4,175,11,phi^-1 ~'= 1/3'
4,356.52263070104726,1,4,240,11,phi^-1 ~'= 1/3'
5,1264.292060948966,1,4,815,11,phi^-1 ~'= 1/3'
6,1969.7036487819362,1,4,2113,11,phi^-1 ~'= 1/3'
7,1488.6776189189482,1,4,1209,11,phi^-1 ~'= 1/3'
8,918.7208658807958,1,4,562,11,phi^-1 ~'= 1/3'
9,557.6994419025395,1,4,555,11,phi^-1 ~'= 1/3'
10,338.28413469563475,1,4,570,11,phi^-1 ~'= 1/3'
11,205.1821039457509,1,4,193,11,phi^-1 ~'= 1/3'
12,124.44973779057545,1,4,129,11,phi^-1 ~'= 1/3'
13,75.48274200888591,1,4,118,11,phi^-1 ~'= 1/3'
14,45.78266395981973,1,4,14,11,phi^-1 ~'= 1/3'
15,27.768621661475663,1,4,10,11,phi^-1 ~'= 1/3'
16,16.84253753826306,1,4,14,11,phi^-1 ~'= 1/3'
17,10.215524985993397,1,4,4,11,phi^-1 ~'= 1/3'
18,6.196034645473446,1,4,10,11,phi^-1 ~'= 1/3'
19,3.758088242202575,1,4,2,11,phi^-1 ~'= 1/3'
20,2.2793976840230243,1,4,3,11,phi^-1 ~'= 1/3'
21,1.3825257470907673,1,4,0,11,phi^-1 ~'= 1/3'
22,0.8385449561183123,1,4,0,11,phi^-1 ~'= 1/3'
23,0.5086036499469628,1,4,0,11,phi^-1 ~'= 1/3'
24,0.308483964201514,1,4,0,11,phi^-1 ~'= 1/3'
25,0.18710513789028482,1,4,1,11,phi^-1 ~'= 1/3'
1,1.5851227216153134,1,1,0,12,phi^-1 ~'= 1/3'
2,8.83870458459217,1,1,11,12,phi^-1 ~'= 1/3'
3,41.73385526521061,1,1,28,12,phi^-1 ~'= 1/3'
4,188.36955387999848,1,1,43,12,phi^-1 ~'= 1/3'
5,713.2699385483762,1,1,59,12,phi^-1 ~'= 1/3'
6,1630.5725813722852,1,1,1351,12,phi^-1 ~'= 1/3'
7,1778.6480099470982,1,1,2889,12,phi^-1 ~'= 1/3'
8,1222.768154316257,1,1,2096,12,phi^-1 ~'= 1/3'
9,752.1726014094875,1,1,492,12,phi^-1 ~'= 1/3'
10,456.8665226256371,1,1,139,12,phi^-1 ~'= 1/3'
11,277.1593701362526,1,1,159,12,phi^-1 ~'= 1/3'
12,168.11330862637806,1,1,194,12,phi^-1 ~'= 1/3'
13,101.9674952018031,1,1,89,12,phi^-1 ~'= 1/3'
14,61.84689502429865,1,1,45,12,phi^-1 ~'= 1/3'
15,37.51222317054817,1,1,48,12,phi^-1 ~'= 1/3'
16,22.752398062900284,1,1,9,12,phi^-1 ~'= 1/3'
17,13.800070554881131,1,1,23,12,phi^-1 ~'= 1/3'
18,8.370190162286235,1,1,8,12,phi^-1 ~'= 1/3'
19,5.076791198549472,1,1,8,12,phi^-1 ~'= 1/3'
20,3.079238150312449,1,1,1,12,phi^-1 ~'= 1/3'
21,1.867657694099762,1,1,0,12,phi^-1 ~'= 1/3'
22,1.132795006464221,1,1,2,12,phi^-1 ~'= 1/3'
23,0.6870770204623113,1,1,1,12,phi^-1 ~'= 1/3'
24,0.4167346212325356,1,1,0,12,phi^-1 ~'= 1/3'
25,0.25276317741099774,1,1,1,12,phi^-1 ~'= 1/3'
1,1.7818413517227678,1,2,1,12,phi^-1 ~'= 1/3'
2,11.117557376401715,1,2,11,12,phi^-1 ~'= 1/3'
3,58.683439386138105,1,2,23,12,phi^-1 ~'= 1/3'
4,288.62106500799024,1,2,271,12,phi^-1 ~'= 1/3'
5,1061.5082610561785,1,2,1104,12,phi^-1 ~'= 1/3'
6,1906.0225666201788,1,2,1950,12,phi^-1 ~'= 1/3'
7,1601.864827347118,1,2,689,12,phi^-1 ~'= 1/3'
8,1009.4393886399021,1,2,778,12,phi^-1 ~'= 1/3'
9,613.8080972361795,1,2,1672,12,phi^-1 ~'= 1/3'
10,372.3713711095261,1,2,105,12,phi^-1 ~'= 1/3'
11,225.86189548289985,1,2,178,12,phi^-1 ~'= 1/3'
12,136.9934007287966,1,2,79,12,phi^-1 ~'= 1/3'
13,83.09103161068197,1,2,16,12,phi^-1 ~'= 1/3'
14,50.397380932024134,1,2,50,12,phi^-1 ~'= 1/3'
15,30.567611534396747,1,2,21,12,phi^-1 ~'= 1/3'
16,18.540221224332527,1,2,27,12,phi^-1 ~'= 1/3'
17,11.245227597823032,1,2,7,12,phi^-1 ~'= 1/3'
18,6.820583810750577,1,2,11,12,phi^-1 ~'= 1/3'
19,4.136898146814929,1,2,8,12,phi^-1 ~'= 1/3'
20,2.509158490923255,1,2,2,12,phi^-1 ~'= 1/3'
21,1.5218833052122136,1,2,0,12,phi^-1 ~'= 1/3'
22,0.9230699374020332,1,2,1,12,phi^-1 ~'= 1/3'
23,0.559870852941458,1,2,0,12,phi^-1 ~'= 1/3'
24,0.3395792216069822,1,2,2,12,phi^-1 ~'= 1/3'
25,0.2059654416561898,1,2,0,12,phi^-1 ~'= 1/3'
1,1.8407634014772252,1,3,0,12,phi^-1 ~'= 1/3'
2,11.99267474786227,1,3,16,12,phi^-1 ~'= 1/3'
3,65.8448030303813,1,3,57,12,phi^-1 ~'= 1/3'
4,332.92357251135877,1,3,165,12,phi^-1 ~'= 1/3'
5,1196.6602601636155,1,3,1325,12,phi^-1 ~'= 1/3'
6,1954.7095567272106,1,3,620,12,phi^-1 ~'= 1/3'
7,1526.185473904823,1,3,1660,12,phi^-1 ~'= 1/3'
8,947.1530341819916,1,3,1740,12,phi^-1 ~'= 1/3'
9,575.1895331044834,1,3,196,12,phi^-1 ~'= 1/3'
10,348.9044324647002,1,3,324,12,phi^-1 ~'= 1/3'
11,211.62470940737967,1,3,159,12,phi^-1 ~'= 1/3'
12,128.35754549572812,1,3,213,12,phi^-1 ~'= 1/3'
13,77.85298895564301,1,3,51,12,phi^-1 ~'= 1/3'
14,47.22030530052143,1,3,105,12,phi^-1 ~'= 1/3'
15,28.640600899463607,1,3,44,12,phi^-1 ~'= 1/3'
16,17.371422356508447,1,3,16,12,phi^-1 ~'= 1/3'
17,10.536311224567726,1,3,6,12,phi^-1 ~'= 1/3'
18,6.390602091135406,1,3,2,12,phi^-1 ~'= 1/3'
19,3.876099794341826,1,3,2,12,phi^-1 ~'= 1/3'
20,2.3509755600225617,1,3,5,12,phi^-1 ~'= 1/3'
21,1.4259400723476574,1,3,2,12,phi^-1 ~'= 1/3'
22,0.864877164468453,1,3,4,12,phi^-1 ~'= 1/3'
23,0.5245749951609469,1,3,0,12,phi^-1 ~'= 1/3'
24,0.31817110703013896,1,3,0,12,phi^-1 ~'= 1/3'
25,0.19298070653803734,1,3,0,12,phi^-1 ~'= 1/3'
1,1.864637021484108,1,4,2,12,phi^-1 ~'= 1/3'
2,12.428811326502142,1,4,23,12,phi^-1 ~'= 1/3'
3,69.5847003686196,1,4,98,12,phi^-1 ~'= 1/3'
4,356.52263070104726,1,4,423,12,phi^-1 ~'= 1/3'
5,1264.292060948966,1,4,450,12,phi^-1 ~'= 1/3'
6,1969.7036487819362,1,4,1731,12,phi^-1 ~'= 1/3'
7,1488.6776189189482,1,4,859,12,phi^-1 ~'= 1/3'
8,918.7208658807958,1,4,1208,12,phi^-1 ~'= 1/3'
9,557.6994419025395,1,4,218,12,phi^-1 ~'= 1/3'
10,338.28413469563475,1,4,264,12,phi^-1 ~'= 1/3'
11,205.1821039457509,1,4,75,12,phi^-1 ~'= 1/3'
12,124.44973779057545,1,4,182,12,phi^-1 ~'= 1/3'
13,75.48274200888591,1,4,135,12,phi^-1 ~'= 1/3'
14,45.78266395981973,1,4,55,12,phi^-1 ~'= 1/3'
15,27.768621661475663,1,4,21,12,phi^-1 ~'= 1/3'
16,16.84253753826306,1,4,7,12,phi^-1 ~'= 1/3'
17,10.215524985993397,1,4,15,12,phi^-1 ~'= 1/3'
18,6.196034645473446,1,4,5,12,phi^-1 ~'= 1/3'
19,3.758088242202575,1,4,2,12,phi^-1 ~'= 1/3'
20,2.2793976840230243,1,4,2,12,phi^-1 ~'= 1/3'
21,1.3825257470907673,1,4,2,12,phi^-1 ~'= 1/3'
22,0.8385449561183123,1,4,1,12,phi^-1 ~'= 1/3'
23,0.5086036499469628,1,4,1,12,phi^-1 ~'= 1/3'
24,0.308483964201514,1,4,0,12,phi^-1 ~'= 1/3'
25,0.18710513789028482,1,4,0,12,phi^-1 ~'= 1/3'
1,1.5851227216153134,1,1,2,13,phi^-1 ~'= 1/3'
2,8.83870458459217,1,1,12,13,phi^-1 ~'= 1/3'
3,41.73385526521061,1,1,11,13,phi^-1 ~'= 1/3'
4,188.36955387999848,1,1,331,13,phi^-1 ~'= 1/3'
5,713.2699385483762,1,1,896,13,phi^-1 ~'= 1/3'
6,1630.5725813722852,1,1,1064,13,phi^-1 ~'= 1/3'
7,1778.6480099470982,1,1,1152,13,phi^-1 ~'= 1/3'
8,1222.768154316257,1,1,659,13,phi^-1 ~'= 1/3'
9,752.1726014094875,1,1,232,13,phi^-1 ~'= 1/3'
10,456.8665226256371,1,1,363,13,phi^-1 ~'= 1/3'
11,277.1593701362526,1,1,398,13,phi^-1 ~'= 1/3'
12,168.11330862637806,1,1,200,13,phi^-1 ~'= 1/3'
13,101.9674952018031,1,1,115,13,phi^-1 ~'= 1/3'
14,61.84689502429865,1,1,72,13,phi^-1 ~'= 1/3'
15,37.51222317054817,1,1,35,13,phi^-1 ~'= 1/3'
16,22.752398062900284,1,1,40,13,phi^-1 ~'= 1/3'
17,13.800070554881131,1,1,13,13,phi^-1 ~'= 1/3'
18,8.370190162286235,1,1,4,13,phi^-1 ~'= 1/3'
19,5.076791198549472,1,1,4,13,phi^-1 ~'= 1/3'
20,3.079238150312449,1,1,2,13,phi^-1 ~'= 1/3'
21,1.867657694099762,1,1,1,13,phi^-1 ~'= 1/3'
22,1.132795006464221,1,1,0,13,phi^-1 ~'= 1/3'
23,0.6870770204623113,1,1,0,13,phi^-1 ~'= 1/3'
24,0.4167346212325356,1,1,0,13,phi^-1 ~'= 1/3'
25,0.25276317741099774,1,1,0,13,phi^-1 ~'= 1/3'
1,1.7818413517227678,1,2,0,13,phi^-1 ~'= 1/3'
2,11.117557376401715,1,2,6,13,phi^-1 ~'= 1/3'
3,58.683439386138105,1,2,18,13,phi^-1 ~'= 1/3'
4,288.62106500799024,1,2,454,13,phi^-1 ~'= 1/3'
5,1061.5082610561785,1,2,1176,13,phi^-1 ~'= 1/3'
6,1906.0225666201788,1,2,1073,13,phi^-1 ~'= 1/3'
7,1601.864827347118,1,2,683,13,phi^-1 ~'= 1/3'
8,1009.4393886399021,1,2,1699,13,phi^-1 ~'= 1/3'
9,613.8080972361795,1,2,530,13,phi^-1 ~'= 1/3'
10,372.3713711095261,1,2,511,13,phi^-1 ~'= 1/3'
11,225.86189548289985,1,2,122,13,phi^-1 ~'= 1/3'
12,136.9934007287966,1,2,93,13,phi^-1 ~'= 1/3'
13,83.09103161068197,1,2,28,13,phi^-1 ~'= 1/3'
14,50.397380932024134,1,2,31,13,phi^-1 ~'= 1/3'
15,30.567611534396747,1,2,24,13,phi^-1 ~'= 1/3'
16,18.540221224332527,1,2,16,13,phi^-1 ~'= 1/3'
17,11.245227597823032,1,2,7,13,phi^-1 ~'= 1/3'
18,6.820583810750577,1,2,0,13,phi^-1 ~'= 1/3'
19,4.136898146814929,1,2,0,13,phi^-1 ~'= 1/3'
20,2.509158490923255,1,2,3,13,phi^-1 ~'= 1/3'
21,1.5218833052122136,1,2,2,13,phi^-1 ~'= 1/3'
22,0.9230699374020332,1,2,1,13,phi^-1 ~'= 1/3'
23,0.559870852941458,1,2,0,13,phi^-1 ~'= 1/3'
24,0.3395792216069822,1,2,0,13,phi^-1 ~'= 1/3'
25,0.2059654416561898,1,2,0,13,phi^-1 ~'= 1/3'
1,1.8407634014772252,1,3,0,13,phi^-1 ~'= 1/3'
2,11.99267474786227,1,3,9,13,phi^-1 ~'= 1/3'
3,65.8448030303813,1,3,83,13,phi^-1 ~'= 1/3'
4,332.92357251135877,1,3,114,13,phi^-1 ~'= 1/3'
5,1196.6602601636155,1,3,375,13,phi^-1 ~'= 1/3'
6,1954.7095567272106,1,3,342,13,phi^-1 ~'= 1/3'
7,1526.185473904823,1,3,1582,13,phi^-1 ~'= 1/3'
8,947.1530341819916,1,3,1496,13,phi^-1 ~'= 1/3'
9,575.1895331044834,1,3,384,13,phi^-1 ~'= 1/3'
10,348.9044324647002,1,3,163,13,phi^-1 ~'= 1/3'
11,211.62470940737967,1,3,118,13,phi^-1 ~'= 1/3'
12,128.35754549572812,1,3,147,13,phi^-1 ~'= 1/3'
13,77.85298895564301,1,3,52,13,phi^-1 ~'= 1/3'
14,47.22030530052143,1,3,41,13,phi^-1 ~'= 1/3'
15,28.640600899463607,1,3,76,13,phi^-1 ~'= 1/3'
16,17.371422356508447,1,3,28,13,phi^-1 ~'= 1/3'
17,10.536311224567726,1,3,23,13,phi^-1 ~'= 1/3'
18,6.390602091135406,1,3,3,13,phi^-1 ~'= 1/3'
19,3.876099794341826,1,3,2,13,phi^-1 ~'= 1/3'
20,2.3509755600225617,1,3,6,13,phi^-1 ~'= 1/3'
21,1.4259400723476574,1,3,1,13,phi^-1 ~'= 1/3'
22,0.864877164468453,1,3,1,13,phi^-1 ~'= 1/3'
23,0.5245749951609469,1,3,1,13,phi^-1 ~'= 1/3'
24,0.31817110703013896,1,3,1,13,phi^-1 ~'= 1/3'
25,0.19298070653803734,1,3,0,13,phi^-1 ~'= 1/3'
1,1.864637021484108,1,4,2,13,phi^-1 ~'= 1/3'
2,12.428811326502142,1,4,2,13,phi^-1 ~'= 1/3'
3,69.5847003686196,1,4,46,13,phi^-1 ~'= 1/3'
4,356.52263070104726,1,4,242,13,phi^-1 ~'= 1/3'
5,1264.292060948966,1,4,1310,13,phi^-1 ~'= 1/3'
6,1969.7036487819362,1,4,1690,13,phi^-1 ~'= 1/3'
7,1488.6776189189482,1,4,475,13,phi^-1 ~'= 1/3'
8,918.7208658807958,1,4,1020,13,phi^-1 ~'= 1/3'
9,557.6994419025395,1,4,345,13,phi^-1 ~'= 1/3'
10,338.28413469563475,1,4,140,13,phi^-1 ~'= 1/3'
11,205.1821039457509,1,4,505,13,phi^-1 ~'= 1/3'
12,124.44973779057545,1,4,106,13,phi^-1 ~'= 1/3'
13,75.48274200888591,1,4,92,13,phi^-1 ~'= 1/3'
14,45.78266395981973,1,4,78,13,phi^-1 ~'= 1/3'
15,27.768621661475663,1,4,41,13,phi^-1 ~'= 1/3'
16,16.84253753826306,1,4,7,13,phi^-1 ~'= 1/3'
17,10.215524985993397,1,4,1,13,phi^-1 ~'= 1/3'
18,6.196034645473446,1,4,1,13,phi^-1 ~'= 1/3'
19,3.758088242202575,1,4,5,13,phi^-1 ~'= 1/3'
20,2.2793976840230243,1,4,4,13,phi^-1 ~'= 1/3'
21,1.3825257470907673,1,4,0,13,phi^-1 ~'= 1/3'
22,0.8385449561183123,1,4,0,13,phi^-1 ~'= 1/3'
23,0.5086036499469628,1,4,0,13,phi^-1 ~'= 1/3'
24,0.308483964201514,1,4,1,13,phi^-1 ~'= 1/3'
25,0.18710513789028482,1,4,0,13,phi^-1 ~'= 1/3'
1,1.5851227216153134,1,1,4,14,phi^-1 ~'= 1/3'
2,8.83870458459217,1,1,4,14,phi^-1 ~'= 1/3'
3,41.73385526521061,1,1,71,14,phi^-1 ~'= 1/3'
4,188.36955387999848,1,1,247,14,phi^-1 ~'= 1/3'
5,713.2699385483762,1,1,170,14,phi^-1 ~'= 1/3'
6,1630.5725813722852,1,1,2107,14,phi^-1 ~'= 1/3'
7,1778.6480099470982,1,1,1325,14,phi^-1 ~'= 1/3'
8,1222.768154316257,1,1,1263,14,phi^-1 ~'= 1/3'
9,752.1726014094875,1,1,624,14,phi^-1 ~'= 1/3'
10,456.8665226256371,1,1,130,14,phi^-1 ~'= 1/3'
11,277.1593701362526,1,1,250,14,phi^-1 ~'= 1/3'
12,168.11330862637806,1,1,180,14,phi^-1 ~'= 1/3'
13,101.9674952018031,1,1,111,14,phi^-1 ~'= 1/3'
14,61.84689502429865,1,1,254,14,phi^-1 ~'= 1/3'
15,37.51222317054817,1,1,47,14,phi^-1 ~'= 1/3'
16,22.752398062900284,1,1,19,14,phi^-1 ~'= 1/3'
17,13.800070554881131,1,1,17,14,phi^-1 ~'= 1/3'
18,8.370190162286235,1,1,3,14,phi^-1 ~'= 1/3'
19,5.076791198549472,1,1,1,14,phi^-1 ~'= 1/3'
20,3.079238150312449,1,1,4,14,phi^-1 ~'= 1/3'
21,1.867657694099762,1,1,0,14,phi^-1 ~'= 1/3'
22,1.132795006464221,1,1,2,14,phi^-1 ~'= 1/3'
23,0.6870770204623113,1,1,1,14,phi^-1 ~'= 1/3'
24,0.4167346212325356,1,1,0,14,phi^-1 ~'= 1/3'
25,0.25276317741099774,1,1,0,14,phi^-1 ~'= 1/3'
1,1.7818413517227678,1,2,2,14,phi^-1 ~'= 1/3'
2,11.117557376401715,1,2,14,14,phi^-1 ~'= 1/3'
3,58.683439386138105,1,2,108,14,phi^-1 ~'= 1/3'
4,288.62106500799024,1,2,124,14,phi^-1 ~'= 1/3'
5,1061.5082610561785,1,2,1227,14,phi^-1 ~'= 1/3'
6,1906.0225666201788,1,2,3294,14,phi^-1 ~'= 1/3'
7,1601.864827347118,1,2,1610,14,phi^-1 ~'= 1/3'
8,1009.4393886399021,1,2,1269,14,phi^-1 ~'= 1/3'
9,613.8080972361795,1,2,816,14,phi^-1 ~'= 1/3'
10,372.3713711095261,1,2,330,14,phi^-1 ~'= 1/3'
11,225.86189548289985,1,2,245,14,phi^-1 ~'= 1/3'
12,136.9934007287966,1,2,68,14,phi^-1 ~'= 1/3'
13,83.09103161068197,1,2,17,14,phi^-1 ~'= 1/3'
14,50.397380932024134,1,2,70,14,phi^-1 ~'= 1/3'
15,30.567611534396747,1,2,34,14,phi^-1 ~'= 1/3'
16,18.540221224332527,1,2,22,14,phi^-1 ~'= 1/3'
17,11.245227597823032,1,2,9,14,phi^-1 ~'= 1/3'
18,6.820583810750577,1,2,5,14,phi^-1 ~'= 1/3'
19,4.136898146814929,1,2,3,14,phi^-1 ~'= 1/3'
20,2.509158490923255,1,2,1,14,phi^-1 ~'= 1/3'
21,1.5218833052122136,1,2,1,14,phi^-1 ~'= 1/3'
22,0.9230699374020332,1,2,0,14,phi^-1 ~'= 1/3'
23,0.559870852941458,1,2,0,14,phi^-1 ~'= 1/3'
24,0.3395792216069822,1,2,1,14,phi^-1 ~'= 1/3'
25,0.2059654416561898,1,2,0,14,phi^-1 ~'= 1/3'
1,1.8407634014772252,1,3,3,14,phi^-1 ~'= 1/3'
2,11.99267474786227,1,3,0,14,phi^-1 ~'= 1/3'
3,65.8448030303813,1,3,20,14,phi^-1 ~'= 1/3'
4,332.92357251135877,1,3,291,14,phi^-1 ~'= 1/3'
5,1196.6602601636155,1,3,393,14,phi^-1 ~'= 1/3'
6,1954.7095567272106,1,3,3254,14,phi^-1 ~'= 1/3'
7,1526.185473904823,1,3,1229,14,phi^-1 ~'= 1/3'
8,947.1530341819916,1,3,1255,14,phi^-1 ~'= 1/3'
9,575.1895331044834,1,3,647,14,phi^-1 ~'= 1/3'
10,348.9044324647002,1,3,130,14,phi^-1 ~'= 1/3'
11,211.62470940737967,1,3,355,14,phi^-1 ~'= 1/3'
12,128.35754549572812,1,3,215,14,phi^-1 ~'= 1/3'
13,77.85298895564301,1,3,55,14,phi^-1 ~'= 1/3'
14,47.22030530052143,1,3,24,14,phi^-1 ~'= 1/3'
15,28.640600899463607,1,3,30,14,phi^-1 ~'= 1/3'
16,17.371422356508447,1,3,19,14,phi^-1 ~'= 1/3'
17,10.536311224567726,1,3,5,14,phi^-1 ~'= 1/3'
18,6.390602091135406,1,3,9,14,phi^-1 ~'= 1/3'
19,3.876099794341826,1,3,6,14,phi^-1 ~'= 1/3'
20,2.3509755600225617,1,3,1,14,phi^-1 ~'= 1/3'
21,1.4259400723476574,1,3,1,14,phi^-1 ~'= 1/3'
22,0.864877164468453,1,3,0,14,phi^-1 ~'= 1/3'
23,0.5245749951609469,1,3,1,14,phi^-1 ~'= 1/3'
24,0.31817110703013896,1,3,0,14,phi^-1 ~'= 1/3'
25,0.19298070653803734,1,3,0,14,phi^-1 ~'= 1/3'
1,1.864637021484108,1,4,2,14,phi^-1 ~'= 1/3'
2,12.428811326502142,1,4,12,14,phi^-1 ~'= 1/3'
3,69.5847003686196,1,4,59,14,phi^-1 ~'= 1/3'
4,356.52263070104726,1,4,405,14,phi^-1 ~'= 1/3'
5,1264.292060948966,1,4,2612,14,phi^-1 ~'= 1/3'
6,1969.7036487819362,1,4,4437,14,phi^-1 ~'= 1/3'
7,1488.6776189189482,1,4,2924,14,phi^-1 ~'= 1/3'
8,918.7208658807958,1,4,1086,14,phi^-1 ~'= 1/3'
9,557.6994419025395,1,4,1654,14,phi^-1 ~'= 1/3'
10,338.28413469563475,1,4,251,14,phi^-1 ~'= 1/3'
11,205.1821039457509,1,4,90,14,phi^-1 ~'= 1/3'
12,124.44973779057545,1,4,259,14,phi^-1 ~'= 1/3'
13,75.48274200888591,1,4,82,14,phi^-1 ~'= 1/3'
14,45.78266395981973,1,4,95,14,phi^-1 ~'= 1/3'
15,27.768621661475663,1,4,31,14,phi^-1 ~'= 1/3'
16,16.84253753826306,1,4,4,14,phi^-1 ~'= 1/3'
17,10.215524985993397,1,4,3,14,phi^-1 ~'= 1/3'
18,6.196034645473446,1,4,5,14,phi^-1 ~'= 1/3'
19,3.758088242202575,1,4,1,14,phi^-1 ~'= 1/3'
20,2.2793976840230243,1,4,0,14,phi^-1 ~'= 1/3'
21,1.3825257470907673,1,4,2,14,phi^-1 ~'= 1/3'
22,0.8385449561183123,1,4,0,14,phi^-1 ~'= 1/3'
23,0.5086036499469628,1,4,0,14,phi^-1 ~'= 1/3'
24,0.308483964201514,1,4,1,14,phi^-1 ~'= 1/3'
25,0.18710513789028482,1,4,0,14,phi^-1 ~'= 1/3'
1,1.5851227216153134,1,1,2,15,phi^-1 ~'= 1/3'
2,8.83870458459217,1,1,16,15,phi^-1 ~'= 1/3'
3,41.73385526521061,1,1,5,15,phi^-1 ~'= 1/3'
4,188.36955387999848,1,1,57,15,phi^-1 ~'= 1/3'
5,713.2699385483762,1,1,421,15,phi^-1 ~'= 1/3'
6,1630.5725813722852,1,1,2672,15,phi^-1 ~'= 1/3'
7,1778.6480099470982,1,1,2368,15,phi^-1 ~'= 1/3'
8,1222.768154316257,1,1,2389,15,phi^-1 ~'= 1/3'
9,752.1726014094875,1,1,843,15,phi^-1 ~'= 1/3'
10,456.8665226256371,1,1,1073,15,phi^-1 ~'= 1/3'
11,277.1593701362526,1,1,445,15,phi^-1 ~'= 1/3'
12,168.11330862637806,1,1,414,15,phi^-1 ~'= 1/3'
13,101.9674952018031,1,1,116,15,phi^-1 ~'= 1/3'
14,61.84689502429865,1,1,89,15,phi^-1 ~'= 1/3'
15,37.51222317054817,1,1,8,15,phi^-1 ~'= 1/3'
16,22.752398062900284,1,1,33,15,phi^-1 ~'= 1/3'
17,13.800070554881131,1,1,9,15,phi^-1 ~'= 1/3'
18,8.370190162286235,1,1,7,15,phi^-1 ~'= 1/3'
19,5.076791198549472,1,1,2,15,phi^-1 ~'= 1/3'
20,3.079238150312449,1,1,5,15,phi^-1 ~'= 1/3'
21,1.867657694099762,1,1,1,15,phi^-1 ~'= 1/3'
22,1.132795006464221,1,1,0,15,phi^-1 ~'= 1/3'
23,0.6870770204623113,1,1,0,15,phi^-1 ~'= 1/3'
24,0.4167346212325356,1,1,0,15,phi^-1 ~'= 1/3'
25,0.25276317741099774,1,1,0,15,phi^-1 ~'= 1/3'
1,1.7818413517227678,1,2,7,15,phi^-1 ~'= 1/3'
2,11.117557376401715,1,2,20,15,phi^-1 ~'= 1/3'
3,58.683439386138105,1,2,95,15,phi^-1 ~'= 1/3'
4,288.62106500799024,1,2,175,15,phi^-1 ~'= 1/3'
5,1061.5082610561785,1,2,1736,15,phi^-1 ~'= 1/3'
6,1906.0225666201788,1,2,1692,15,phi^-1 ~'= 1/3'
7,1601.864827347118,1,2,941,15,phi^-1 ~'= 1/3'
8,1009.4393886399021,1,2,847,15,phi^-1 ~'= 1/3'
9,613.8080972361795,1,2,917,15,phi^-1 ~'= 1/3'
10,372.3713711095261,1,2,64,15,phi^-1 ~'= 1/3'
11,225.86189548289985,1,2,256,15,phi^-1 ~'= 1/3'
12,136.9934007287966,1,2,49,15,phi^-1 ~'= 1/3'
13,83.09103161068197,1,2,90,15,phi^-1 ~'= 1/3'
14,50.397380932024134,1,2,42,15,phi^-1 ~'= 1/3'
15,30.567611534396747,1,2,24,15,phi^-1 ~'= 1/3'
16,18.540221224332527,1,2,17,15,phi^-1 ~'= 1/3'
17,11.245227597823032,1,2,10,15,phi^-1 ~'= 1/3'
18,6.820583810750577,1,2,13,15,phi^-1 ~'= 1/3'
19,4.136898146814929,1,2,3,15,phi^-1 ~'= 1/3'
20,2.509158490923255,1,2,1,15,phi^-1 ~'= 1/3'
21,1.5218833052122136,1,2,1,15,phi^-1 ~'= 1/3'
22,0.9230699374020332,1,2,4,15,phi^-1 ~'= 1/3'
23,0.559870852941458,1,2,0,15,phi^-1 ~'= 1/3'
24,0.3395792216069822,1,2,2,15,phi^-1 ~'= 1/3'
25,0.2059654416561898,1,2,1,15,phi^-1 ~'= 1/3'
1,1.8407634014772252,1,3,4,15,phi^-1 ~'= 1/3'
2,11.99267474786227,1,3,10,15,phi^-1 ~'= 1/3'
3,65.8448030303813,1,3,71,15,phi^-1 ~'= 1/3'
4,332.92357251135877,1,3,645,15,phi^-1 ~'= 1/3'
5,1196.6602601636155,1,3,649,15,phi^-1 ~'= 1/3'
6,1954.7095567272106,1,3,921,15,phi^-1 ~'= 1/3'
7,1526.185473904823,1,3,1939,15,phi^-1 ~'= 1/3'
8,947.1530341819916,1,3,471,15,phi^-1 ~'= 1/3'
9,575.1895331044834,1,3,674,15,phi^-1 ~'= 1/3'
10,348.9044324647002,1,3,840,15,phi^-1 ~'= 1/3'
11,211.62470940737967,1,3,88,15,phi^-1 ~'= 1/3'
12,128.35754549572812,1,3,73,15,phi^-1 ~'= 1/3'
13,77.85298895564301,1,3,109,15,phi^-1 ~'= 1/3'
14,47.22030530052143,1,3,16,15,phi^-1 ~'= 1/3'
15,28.640600899463607,1,3,54,15,phi^-1 ~'= 1/3'
16,17.371422356508447,1,3,17,15,phi^-1 ~'= 1/3'
17,10.536311224567726,1,3,9,15,phi^-1 ~'= 1/3'
18,6.390602091135406,1,3,3,15,phi^-1 ~'= 1/3'
19,3.876099794341826,1,3,1,15,phi^-1 ~'= 1/3'
20,2.3509755600225617,1,3,6,15,phi^-1 ~'= 1/3'
21,1.4259400723476574,1,3,3,15,phi^-1 ~'= 1/3'
22,0.864877164468453,1,3,3,15,phi^-1 ~'= 1/3'
23,0.5245749951609469,1,3,2,15,phi^-1 ~'= 1/3'
24,0.31817110703013896,1,3,5,15,phi^-1 ~'= 1/3'
25,0.19298070653803734,1,3,0,15,phi^-1 ~'= 1/3'
1,1.864637021484108,1,4,0,15,phi^-1 ~'= 1/3'
2,12.428811326502142,1,4,4,15,phi^-1 ~'= 1/3'
3,69.5847003686196,1,4,44,15,phi^-1 ~'= 1/3'
4,356.52263070104726,1,4,195,15,phi^-1 ~'= 1/3'
5,1264.292060948966,1,4,693,15,phi^-1 ~'= 1/3'
6,1969.7036487819362,1,4,1086,15,phi^-1 ~'= 1/3'
7,1488.6776189189482,1,4,1415,15,phi^-1 ~'= 1/3'
8,918.7208658807958,1,4,1172,15,phi^-1 ~'= 1/3'
9,557.6994419025395,1,4,296,15,phi^-1 ~'= 1/3'
10,338.28413469563475,1,4,544,15,phi^-1 ~'= 1/3'
11,205.1821039457509,1,4,282,15,phi^-1 ~'= 1/3'
12,124.44973779057545,1,4,93,15,phi^-1 ~'= 1/3'
13,75.48274200888591,1,4,39,15,phi^-1 ~'= 1/3'
14,45.78266395981973,1,4,41,15,phi^-1 ~'= 1/3'
15,27.768621661475663,1,4,9,15,phi^-1 ~'= 1/3'
16,16.84253753826306,1,4,6,15,phi^-1 ~'= 1/3'
17,10.215524985993397,1,4,17,15,phi^-1 ~'= 1/3'
18,6.196034645473446,1,4,2,15,phi^-1 ~'= 1/3'
19,3.758088242202575,1,4,3,15,phi^-1 ~'= 1/3'
20,2.2793976840230243,1,4,3,15,phi^-1 ~'= 1/3'
21,1.3825257470907673,1,4,2,15,phi^-1 ~'= 1/3'
22,0.8385449561183123,1,4,0,15,phi^-1 ~'= 1/3'
23,0.5086036499469628,1,4,3,15,phi^-1 ~'= 1/3'
24,0.308483964201514,1,4,1,15,phi^-1 ~'= 1/3'
25,0.18710513789028482,1,4,1,15,phi^-1 ~'= 1/3'
1,1.5851227216153134,1,1,2,16,phi^-1 ~'= 1/3'
2,8.83870458459217,1,1,6,16,phi^-1 ~'= 1/3'
3,41.73385526521061,1,1,27,16,phi^-1 ~'= 1/3'
4,188.36955387999848,1,1,210,16,phi^-1 ~'= 1/3'
5,713.2699385483762,1,1,1106,16,phi^-1 ~'= 1/3'
6,1630.5725813722852,1,1,874,16,phi^-1 ~'= 1/3'
7,1778.6480099470982,1,1,991,16,phi^-1 ~'= 1/3'
8,1222.768154316257,1,1,254,16,phi^-1 ~'= 1/3'
9,752.1726014094875,1,1,1367,16,phi^-1 ~'= 1/3'
10,456.8665226256371,1,1,531,16,phi^-1 ~'= 1/3'
11,277.1593701362526,1,1,98,16,phi^-1 ~'= 1/3'
12,168.11330862637806,1,1,147,16,phi^-1 ~'= 1/3'
13,101.9674952018031,1,1,199,16,phi^-1 ~'= 1/3'
14,61.84689502429865,1,1,127,16,phi^-1 ~'= 1/3'
15,37.51222317054817,1,1,35,16,phi^-1 ~'= 1/3'
16,22.752398062900284,1,1,21,16,phi^-1 ~'= 1/3'
17,13.800070554881131,1,1,24,16,phi^-1 ~'= 1/3'
18,8.370190162286235,1,1,5,16,phi^-1 ~'= 1/3'
19,5.076791198549472,1,1,7,16,phi^-1 ~'= 1/3'
20,3.079238150312449,1,1,2,16,phi^-1 ~'= 1/3'
21,1.867657694099762,1,1,0,16,phi^-1 ~'= 1/3'
22,1.132795006464221,1,1,0,16,phi^-1 ~'= 1/3'
23,0.6870770204623113,1,1,0,16,phi^-1 ~'= 1/3'
24,0.4167346212325356,1,1,0,16,phi^-1 ~'= 1/3'
25,0.25276317741099774,1,1,0,16,phi^-1 ~'= 1/3'
1,1.7818413517227678,1,2,1,16,phi^-1 ~'= 1/3'
2,11.117557376401715,1,2,1,16,phi^-1 ~'= 1/3'
3,58.683439386138105,1,2,65,16,phi^-1 ~'= 1/3'
4,288.62106500799024,1,2,299,16,phi^-1 ~'= 1/3'
5,1061.5082610561785,1,2,222,16,phi^-1 ~'= 1/3'
6,1906.0225666201788,1,2,1876,16,phi^-1 ~'= 1/3'
7,1601.864827347118,1,2,2136,16,phi^-1 ~'= 1/3'
8,1009.4393886399021,1,2,459,16,phi^-1 ~'= 1/3'
9,613.8080972361795,1,2,1037,16,phi^-1 ~'= 1/3'
10,372.3713711095261,1,2,257,16,phi^-1 ~'= 1/3'
11,225.86189548289985,1,2,384,16,phi^-1 ~'= 1/3'
12,136.9934007287966,1,2,121,16,phi^-1 ~'= 1/3'
13,83.09103161068197,1,2,43,16,phi^-1 ~'= 1/3'
14,50.397380932024134,1,2,57,16,phi^-1 ~'= 1/3'
15,30.567611534396747,1,2,16,16,phi^-1 ~'= 1/3'
16,18.540221224332527,1,2,28,16,phi^-1 ~'= 1/3'
17,11.245227597823032,1,2,14,16,phi^-1 ~'= 1/3'
18,6.820583810750577,1,2,6,16,phi^-1 ~'= 1/3'
19,4.136898146814929,1,2,5,16,phi^-1 ~'= 1/3'
20,2.509158490923255,1,2,1,16,phi^-1 ~'= 1/3'
21,1.5218833052122136,1,2,2,16,phi^-1 ~'= 1/3'
22,0.9230699374020332,1,2,0,16,phi^-1 ~'= 1/3'
23,0.559870852941458,1,2,0,16,phi^-1 ~'= 1/3'
24,0.3395792216069822,1,2,0,16,phi^-1 ~'= 1/3'
25,0.2059654416561898,1,2,0,16,phi^-1 ~'= 1/3'
1,1.8407634014772252,1,3,0,16,phi^-1 ~'= 1/3'
2,11.99267474786227,1,3,3,16,phi^-1 ~'= 1/3'
3,65.8448030303813,1,3,44,16,phi^-1 ~'= 1/3'
4,332.92357251135877,1,3,269,16,phi^-1 ~'= 1/3'
5,1196.6602601636155,1,3,1260,16,phi^-1 ~'= 1/3'
6,1954.7095567272106,1,3,2345,16,phi^-1 ~'= 1/3'
7,1526.185473904823,1,3,1745,16,phi^-1 ~'= 1/3'
8,947.1530341819916,1,3,517,16,phi^-1 ~'= 1/3'
9,575.1895331044834,1,3,516,16,phi^-1 ~'= 1/3'
10,348.9044324647002,1,3,163,16,phi^-1 ~'= 1/3'
11,211.62470940737967,1,3,140,16,phi^-1 ~'= 1/3'
12,128.35754549572812,1,3,186,16,phi^-1 ~'= 1/3'
13,77.85298895564301,1,3,134,16,phi^-1 ~'= 1/3'
14,47.22030530052143,1,3,53,16,phi^-1 ~'= 1/3'
15,28.640600899463607,1,3,25,16,phi^-1 ~'= 1/3'
16,17.371422356508447,1,3,9,16,phi^-1 ~'= 1/3'
17,10.536311224567726,1,3,5,16,phi^-1 ~'= 1/3'
18,6.390602091135406,1,3,2,16,phi^-1 ~'= 1/3'
19,3.876099794341826,1,3,3,16,phi^-1 ~'= 1/3'
20,2.3509755600225617,1,3,1,16,phi^-1 ~'= 1/3'
21,1.4259400723476574,1,3,0,16,phi^-1 ~'= 1/3'
22,0.864877164468453,1,3,2,16,phi^-1 ~'= 1/3'
23,0.5245749951609469,1,3,4,16,phi^-1 ~'= 1/3'
24,0.31817110703013896,1,3,0,16,phi^-1 ~'= 1/3'
25,0.19298070653803734,1,3,0,16,phi^-1 ~'= 1/3'
1,1.864637021484108,1,4,0,16,phi^-1 ~'= 1/3'
2,12.428811326502142,1,4,6,16,phi^-1 ~'= 1/3'
3,69.5847003686196,1,4,29,16,phi^-1 ~'= 1/3'
4,356.52263070104726,1,4,264,16,phi^-1 ~'= 1/3'
5,1264.292060948966,1,4,2494,16,phi^-1 ~'= 1/3'
6,1969.7036487819362,1,4,1640,16,phi^-1 ~'= 1/3'
7,1488.6776189189482,1,4,1459,16,phi^-1 ~'= 1/3'
8,918.7208658807958,1,4,1561,16,phi^-1 ~'= 1/3'
9,557.6994419025395,1,4,488,16,phi^-1 ~'= 1/3'
10,338.28413469563475,1,4,331,16,phi^-1 ~'= 1/3'
11,205.1821039457509,1,4,54,16,phi^-1 ~'= 1/3'
12,124.44973779057545,1,4,188,16,phi^-1 ~'= 1/3'
13,75.48274200888591,1,4,71,16,phi^-1 ~'= 1/3'
14,45.78266395981973,1,4,40,16,phi^-1 ~'= 1/3'
15,27.768621661475663,1,4,11,16,phi^-1 ~'= 1/3'
16,16.84253753826306,1,4,16,16,phi^-1 ~'= 1/3'
17,10.215524985993397,1,4,20,16,phi^-1 ~'= 1/3'
18,6.196034645473446,1,4,7,16,phi^-1 ~'= 1/3'
19,3.758088242202575,1,4,1,16,phi^-1 ~'= 1/3'
20,2.2793976840230243,1,4,6,16,phi^-1 ~'= 1/3'
21,1.3825257470907673,1,4,1,16,phi^-1 ~'= 1/3'
22,0.8385449561183123,1,4,0,16,phi^-1 ~'= 1/3'
23,0.5086036499469628,1,4,0,16,phi^-1 ~'= 1/3'
24,0.308483964201514,1,4,0,16,phi^-1 ~'= 1/3'
25,0.18710513789028482,1,4,1,16,phi^-1 ~'= 1/3'
1,1.5851227216153134,1,1,3,17,phi^-1 ~'= 1/3'
2,8.83870458459217,1,1,11,17,phi^-1 ~'= 1/3'
3,41.73385526521061,1,1,44,17,phi^-1 ~'= 1/3'
4,188.36955387999848,1,1,121,17,phi^-1 ~'= 1/3'
5,713.2699385483762,1,1,569,17,phi^-1 ~'= 1/3'
6,1630.5725813722852,1,1,1206,17,phi^-1 ~'= 1/3'
7,1778.6480099470982,1,1,1035,17,phi^-1 ~'= 1/3'
8,1222.768154316257,1,1,1756,17,phi^-1 ~'= 1/3'
9,752.1726014094875,1,1,250,17,phi^-1 ~'= 1/3'
10,456.8665226256371,1,1,638,17,phi^-1 ~'= 1/3'
11,277.1593701362526,1,1,172,17,phi^-1 ~'= 1/3'
12,168.11330862637806,1,1,89,17,phi^-1 ~'= 1/3'
13,101.9674952018031,1,1,125,17,phi^-1 ~'= 1/3'
14,61.84689502429865,1,1,118,17,phi^-1 ~'= 1/3'
15,37.51222317054817,1,1,46,17,phi^-1 ~'= 1/3'
16,22.752398062900284,1,1,20,17,phi^-1 ~'= 1/3'
17,13.800070554881131,1,1,24,17,phi^-1 ~'= 1/3'
18,8.370190162286235,1,1,2,17,phi^-1 ~'= 1/3'
19,5.076791198549472,1,1,1,17,phi^-1 ~'= 1/3'
20,3.079238150312449,1,1,5,17,phi^-1 ~'= 1/3'
21,1.867657694099762,1,1,4,17,phi^-1 ~'= 1/3'
22,1.132795006464221,1,1,1,17,phi^-1 ~'= 1/3'
23,0.6870770204623113,1,1,4,17,phi^-1 ~'= 1/3'
24,0.4167346212325356,1,1,0,17,phi^-1 ~'= 1/3'
25,0.25276317741099774,1,1,2,17,phi^-1 ~'= 1/3'
1,1.7818413517227678,1,2,1,17,phi^-1 ~'= 1/3'
2,11.117557376401715,1,2,1,17,phi^-1 ~'= 1/3'
3,58.683439386138105,1,2,46,17,phi^-1 ~'= 1/3'
4,288.62106500799024,1,2,334,17,phi^-1 ~'= 1/3'
5,1061.5082610561785,1,2,1642,17,phi^-1 ~'= 1/3'
6,1906.0225666201788,1,2,4227,17,phi^-1 ~'= 1/3'
7,1601.864827347118,1,2,1156,17,phi^-1 ~'= 1/3'
8,1009.4393886399021,1,2,922,17,phi^-1 ~'= 1/3'
9,613.8080972361795,1,2,166,17,phi^-1 ~'= 1/3'
10,372.3713711095261,1,2,430,17,phi^-1 ~'= 1/3'
11,225.86189548289985,1,2,158,17,phi^-1 ~'= 1/3'
12,136.9934007287966,1,2,107,17,phi^-1 ~'= 1/3'
13,83.09103161068197,1,2,36,17,phi^-1 ~'= 1/3'
14,50.397380932024134,1,2,29,17,phi^-1 ~'= 1/3'
15,30.567611534396747,1,2,44,17,phi^-1 ~'= 1/3'
16,18.540221224332527,1,2,10,17,phi^-1 ~'= 1/3'
17,11.245227597823032,1,2,5,17,phi^-1 ~'= 1/3'
18,6.820583810750577,1,2,19,17,phi^-1 ~'= 1/3'
19,4.136898146814929,1,2,2,17,phi^-1 ~'= 1/3'
20,2.509158490923255,1,2,5,17,phi^-1 ~'= 1/3'
21,1.5218833052122136,1,2,1,17,phi^-1 ~'= 1/3'
22,0.9230699374020332,1,2,0,17,phi^-1 ~'= 1/3'
23,0.559870852941458,1,2,2,17,phi^-1 ~'= 1/3'
24,0.3395792216069822,1,2,0,17,phi^-1 ~'= 1/3'
25,0.2059654416561898,1,2,0,17,phi^-1 ~'= 1/3'
1,1.8407634014772252,1,3,0,17,phi^-1 ~'= 1/3'
2,11.99267474786227,1,3,8,17,phi^-1 ~'= 1/3'
3,65.8448030303813,1,3,45,17,phi^-1 ~'= 1/3'
4,332.92357251135877,1,3,851,17,phi^-1 ~'= 1/3'
5,1196.6602601636155,1,3,655,17,phi^-1 ~'= 1/3'
6,1954.7095567272106,1,3,875,17,phi^-1 ~'= 1/3'
7,1526.185473904823,1,3,722,17,phi^-1 ~'= 1/3'
8,947.1530341819916,1,3,990,17,phi^-1 ~'= 1/3'
9,575.1895331044834,1,3,689,17,phi^-1 ~'= 1/3'
10,348.9044324647002,1,3,734,17,phi^-1 ~'= 1/3'
11,211.62470940737967,1,3,190,17,phi^-1 ~'= 1/3'
12,128.35754549572812,1,3,40,17,phi^-1 ~'= 1/3'
13,77.85298895564301,1,3,132,17,phi^-1 ~'= 1/3'
14,47.22030530052143,1,3,71,17,phi^-1 ~'= 1/3'
15,28.640600899463607,1,3,15,17,phi^-1 ~'= 1/3'
16,17.371422356508447,1,3,14,17,phi^-1 ~'= 1/3'
17,10.536311224567726,1,3,9,17,phi^-1 ~'= 1/3'
18,6.390602091135406,1,3,3,17,phi^-1 ~'= 1/3'
19,3.876099794341826,1,3,1,17,phi^-1 ~'= 1/3'
20,2.3509755600225617,1,3,3,17,phi^-1 ~'= 1/3'
21,1.4259400723476574,1,3,1,17,phi^-1 ~'= 1/3'
22,0.864877164468453,1,3,1,17,phi^-1 ~'= 1/3'
23,0.5245749951609469,1,3,0,17,phi^-1 ~'= 1/3'
24,0.31817110703013896,1,3,0,17,phi^-1 ~'= 1/3'
25,0.19298070653803734,1,3,0,17,phi^-1 ~'= 1/3'
1,1.864637021484108,1,4,2,17,phi^-1 ~'= 1/3'
2,12.428811326502142,1,4,11,17,phi^-1 ~'= 1/3'
3,69.5847003686196,1,4,169,17,phi^-1 ~'= 1/3'
4,356.52263070104726,1,4,712,17,phi^-1 ~'= 1/3'
5,1264.292060948966,1,4,1766,17,phi^-1 ~'= 1/3'
6,1969.7036487819362,1,4,500,17,phi^-1 ~'= 1/3'
7,1488.6776189189482,1,4,654,17,phi^-1 ~'= 1/3'
8,918.7208658807958,1,4,1369,17,phi^-1 ~'= 1/3'
9,557.6994419025395,1,4,555,17,phi^-1 ~'= 1/3'
10,338.28413469563475,1,4,670,17,phi^-1 ~'= 1/3'
11,205.1821039457509,1,4,212,17,phi^-1 ~'= 1/3'
12,124.44973779057545,1,4,89,17,phi^-1 ~'= 1/3'
13,75.48274200888591,1,4,84,17,phi^-1 ~'= 1/3'
14,45.78266395981973,1,4,14,17,phi^-1 ~'= 1/3'
15,27.768621661475663,1,4,34,17,phi^-1 ~'= 1/3'
16,16.84253753826306,1,4,29,17,phi^-1 ~'= 1/3'
17,10.215524985993397,1,4,11,17,phi^-1 ~'= 1/3'
18,6.196034645473446,1,4,3,17,phi^-1 ~'= 1/3'
19,3.758088242202575,1,4,2,17,phi^-1 ~'= 1/3'
20,2.2793976840230243,1,4,4,17,phi^-1 ~'= 1/3'
21,1.3825257470907673,1,4,1,17,phi^-1 ~'= 1/3'
22,0.8385449561183123,1,4,3,17,phi^-1 ~'= 1/3'
23,0.5086036499469628,1,4,0,17,phi^-1 ~'= 1/3'
24,0.308483964201514,1,4,0,17,phi^-1 ~'= 1/3'
25,0.18710513789028482,1,4,0,17,phi^-1 ~'= 1/3'
1,1.5851227216153134,1,1,1,18,phi^-1 ~'= 1/3'
2,8.83870458459217,1,1,0,18,phi^-1 ~'= 1/3'
3,41.73385526521061,1,1,54,18,phi^-1 ~'= 1/3'
4,188.36955387999848,1,1,291,18,phi^-1 ~'= 1/3'
5,713.2699385483762,1,1,1334,18,phi^-1 ~'= 1/3'
6,1630.5725813722852,1,1,1625,18,phi^-1 ~'= 1/3'
7,1778.6480099470982,1,1,1997,18,phi^-1 ~'= 1/3'
8,1222.768154316257,1,1,1742,18,phi^-1 ~'= 1/3'
9,752.1726014094875,1,1,618,18,phi^-1 ~'= 1/3'
10,456.8665226256371,1,1,627,18,phi^-1 ~'= 1/3'
11,277.1593701362526,1,1,165,18,phi^-1 ~'= 1/3'
12,168.11330862637806,1,1,177,18,phi^-1 ~'= 1/3'
13,101.9674952018031,1,1,101,18,phi^-1 ~'= 1/3'
14,61.84689502429865,1,1,43,18,phi^-1 ~'= 1/3'
15,37.51222317054817,1,1,29,18,phi^-1 ~'= 1/3'
16,22.752398062900284,1,1,6,18,phi^-1 ~'= 1/3'
17,13.800070554881131,1,1,0,18,phi^-1 ~'= 1/3'
18,8.370190162286235,1,1,11,18,phi^-1 ~'= 1/3'
19,5.076791198549472,1,1,3,18,phi^-1 ~'= 1/3'
20,3.079238150312449,1,1,1,18,phi^-1 ~'= 1/3'
21,1.867657694099762,1,1,1,18,phi^-1 ~'= 1/3'
22,1.132795006464221,1,1,2,18,phi^-1 ~'= 1/3'
23,0.6870770204623113,1,1,0,18,phi^-1 ~'= 1/3'
24,0.4167346212325356,1,1,0,18,phi^-1 ~'= 1/3'
25,0.25276317741099774,1,1,0,18,phi^-1 ~'= 1/3'
1,1.7818413517227678,1,2,1,18,phi^-1 ~'= 1/3'
2,11.117557376401715,1,2,4,18,phi^-1 ~'= 1/3'
3,58.683439386138105,1,2,86,18,phi^-1 ~'= 1/3'
4,288.62106500799024,1,2,128,18,phi^-1 ~'= 1/3'
5,1061.5082610561785,1,2,1191,18,phi^-1 ~'= 1/3'
6,1906.0225666201788,1,2,1761,18,phi^-1 ~'= 1/3'
7,1601.864827347118,1,2,681,18,phi^-1 ~'= 1/3'
8,1009.4393886399021,1,2,1016,18,phi^-1 ~'= 1/3'
9,613.8080972361795,1,2,374,18,phi^-1 ~'= 1/3'
10,372.3713711095261,1,2,71,18,phi^-1 ~'= 1/3'
11,225.86189548289985,1,2,128,18,phi^-1 ~'= 1/3'
12,136.9934007287966,1,2,100,18,phi^-1 ~'= 1/3'
13,83.09103161068197,1,2,58,18,phi^-1 ~'= 1/3'
14,50.397380932024134,1,2,40,18,phi^-1 ~'= 1/3'
15,30.567611534396747,1,2,51,18,phi^-1 ~'= 1/3'
16,18.540221224332527,1,2,8,18,phi^-1 ~'= 1/3'
17,11.245227597823032,1,2,12,18,phi^-1 ~'= 1/3'
18,6.820583810750577,1,2,11,18,phi^-1 ~'= 1/3'
19,4.136898146814929,1,2,7,18,phi^-1 ~'= 1/3'
20,2.509158490923255,1,2,1,18,phi^-1 ~'= 1/3'
21,1.5218833052122136,1,2,1,18,phi^-1 ~'= 1/3'
22,0.9230699374020332,1,2,2,18,phi^-1 ~'= 1/3'
23,0.559870852941458,1,2,1,18,phi^-1 ~'= 1/3'
24,0.3395792216069822,1,2,0,18,phi^-1 ~'= 1/3'
25,0.2059654416561898,1,2,0,18,phi^-1 ~'= 1/3'
1,1.8407634014772252,1,3,0,18,phi^-1 ~'= 1/3'
2,11.99267474786227,1,3,17,18,phi^-1 ~'= 1/3'
3,65.8448030303813,1,3,93,18,phi^-1 ~'= 1/3'
4,332.92357251135877,1,3,252,18,phi^-1 ~'= 1/3'
5,1196.6602601636155,1,3,2236,18,phi^-1 ~'= 1/3'
6,1954.7095567272106,1,3,769,18,phi^-1 ~'= 1/3'
7,1526.185473904823,1,3,2280,18,phi^-1 ~'= 1/3'
8,947.1530341819916,1,3,279,18,phi^-1 ~'= 1/3'
9,575.1895331044834,1,3,506,18,phi^-1 ~'= 1/3'
10,348.9044324647002,1,3,373,18,phi^-1 ~'= 1/3'
11,211.62470940737967,1,3,95,18,phi^-1 ~'= 1/3'
12,128.35754549572812,1,3,58,18,phi^-1 ~'= 1/3'
13,77.85298895564301,1,3,87,18,phi^-1 ~'= 1/3'
14,47.22030530052143,1,3,29,18,phi^-1 ~'= 1/3'
15,28.640600899463607,1,3,32,18,phi^-1 ~'= 1/3'
16,17.371422356508447,1,3,30,18,phi^-1 ~'= 1/3'
17,10.536311224567726,1,3,7,18,phi^-1 ~'= 1/3'
18,6.390602091135406,1,3,5,18,phi^-1 ~'= 1/3'
19,3.876099794341826,1,3,9,18,phi^-1 ~'= 1/3'
20,2.3509755600225617,1,3,0,18,phi^-1 ~'= 1/3'
21,1.4259400723476574,1,3,1,18,phi^-1 ~'= 1/3'
22,0.864877164468453,1,3,0,18,phi^-1 ~'= 1/3'
23,0.5245749951609469,1,3,1,18,phi^-1 ~'= 1/3'
24,0.31817110703013896,1,3,2,18,phi^-1 ~'= 1/3'
25,0.19298070653803734,1,3,0,18,phi^-1 ~'= 1/3'
1,1.864637021484108,1,4,4,18,phi^-1 ~'= 1/3'
2,12.428811326502142,1,4,23,18,phi^-1 ~'= 1/3'
3,69.5847003686196,1,4,159,18,phi^-1 ~'= 1/3'
4,356.52263070104726,1,4,343,18,phi^-1 ~'= 1/3'
5,1264.292060948966,1,4,1032,18,phi^-1 ~'= 1/3'
6,1969.7036487819362,1,4,1010,18,phi^-1 ~'= 1/3'
7,1488.6776189189482,1,4,1474,18,phi^-1 ~'= 1/3'
8,918.7208658807958,1,4,603,18,phi^-1 ~'= 1/3'
9,557.6994419025395,1,4,321,18,phi^-1 ~'= 1/3'
10,338.28413469563475,1,4,9,18,phi^-1 ~'= 1/3'
11,205.1821039457509,1,4,82,18,phi^-1 ~'= 1/3'
12,124.44973779057545,1,4,47,18,phi^-1 ~'= 1/3'
13,75.48274200888591,1,4,61,18,phi^-1 ~'= 1/3'
14,45.78266395981973,1,4,50,18,phi^-1 ~'= 1/3'
15,27.768621661475663,1,4,20,18,phi^-1 ~'= 1/3'
16,16.84253753826306,1,4,7,18,phi^-1 ~'= 1/3'
17,10.215524985993397,1,4,4,18,phi^-1 ~'= 1/3'
18,6.196034645473446,1,4,6,18,phi^-1 ~'= 1/3'
19,3.758088242202575,1,4,1,18,phi^-1 ~'= 1/3'
20,2.2793976840230243,1,4,1,18,phi^-1 ~'= 1/3'
21,1.3825257470907673,1,4,2,18,phi^-1 ~'= 1/3'
22,0.8385449561183123,1,4,2,18,phi^-1 ~'= 1/3'
23,0.5086036499469628,1,4,1,18,phi^-1 ~'= 1/3'
24,0.308483964201514,1,4,0,18,phi^-1 ~'= 1/3'
25,0.18710513789028482,1,4,0,18,phi^-1 ~'= 1/3'
1,1.5851227216153134,1,1,1,19,phi^-1 ~'= 1/3'
2,8.83870458459217,1,1,1,19,phi^-1 ~'= 1/3'
3,41.73385526521061,1,1,60,19,phi^-1 ~'= 1/3'
4,188.36955387999848,1,1,191,19,phi^-1 ~'= 1/3'
5,713.2699385483762,1,1,463,19,phi^-1 ~'= 1/3'
6,1630.5725813722852,1,1,3396,19,phi^-1 ~'= 1/3'
7,1778.6480099470982,1,1,1283,19,phi^-1 ~'= 1/3'
8,1222.768154316257,1,1,1723,19,phi^-1 ~'= 1/3'
9,752.1726014094875,1,1,985,19,phi^-1 ~'= 1/3'
10,456.8665226256371,1,1,613,19,phi^-1 ~'= 1/3'
11,277.1593701362526,1,1,263,19,phi^-1 ~'= 1/3'
12,168.11330862637806,1,1,183,19,phi^-1 ~'= 1/3'
13,101.9674952018031,1,1,108,19,phi^-1 ~'= 1/3'
14,61.84689502429865,1,1,97,19,phi^-1 ~'= 1/3'
15,37.51222317054817,1,1,27,19,phi^-1 ~'= 1/3'
16,22.752398062900284,1,1,9,19,phi^-1 ~'= 1/3'
17,13.800070554881131,1,1,5,19,phi^-1 ~'= 1/3'
18,8.370190162286235,1,1,8,19,phi^-1 ~'= 1/3'
19,5.076791198549472,1,1,9,19,phi^-1 ~'= 1/3'
20,3.079238150312449,1,1,1,19,phi^-1 ~'= 1/3'
21,1.867657694099762,1,1,0,19,phi^-1 ~'= 1/3'
22,1.132795006464221,1,1,0,19,phi^-1 ~'= 1/3'
23,0.6870770204623113,1,1,0,19,phi^-1 ~'= 1/3'
24,0.4167346212325356,1,1,0,19,phi^-1 ~'= 1/3'
25,0.25276317741099774,1,1,1,19,phi^-1 ~'= 1/3'
1,1.7818413517227678,1,2,2,19,phi^-1 ~'= 1/3'
2,11.117557376401715,1,2,14,19,phi^-1 ~'= 1/3'
3,58.683439386138105,1,2,48,19,phi^-1 ~'= 1/3'
4,288.62106500799024,1,2,410,19,phi^-1 ~'= 1/3'
5,1061.5082610561785,1,2,2940,19,phi^-1 ~'= 1/3'
6,1906.0225666201788,1,2,2376,19,phi^-1 ~'= 1/3'
7,1601.864827347118,1,2,2264,19,phi^-1 ~'= 1/3'
8,1009.4393886399021,1,2,657,19,phi^-1 ~'= 1/3'
9,613.8080972361795,1,2,1576,19,phi^-1 ~'= 1/3'
10,372.3713711095261,1,2,538,19,phi^-1 ~'= 1/3'
11,225.86189548289985,1,2,129,19,phi^-1 ~'= 1/3'
12,136.9934007287966,1,2,158,19,phi^-1 ~'= 1/3'
13,83.09103161068197,1,2,200,19,phi^-1 ~'= 1/3'
14,50.397380932024134,1,2,21,19,phi^-1 ~'= 1/3'
15,30.567611534396747,1,2,19,19,phi^-1 ~'= 1/3'
16,18.540221224332527,1,2,6,19,phi^-1 ~'= 1/3'
17,11.245227597823032,1,2,12,19,phi^-1 ~'= 1/3'
18,6.820583810750577,1,2,16,19,phi^-1 ~'= 1/3'
19,4.136898146814929,1,2,5,19,phi^-1 ~'= 1/3'
20,2.509158490923255,1,2,3,19,phi^-1 ~'= 1/3'
21,1.5218833052122136,1,2,1,19,phi^-1 ~'= 1/3'
22,0.9230699374020332,1,2,4,19,phi^-1 ~'= 1/3'
23,0.559870852941458,1,2,0,19,phi^-1 ~'= 1/3'
24,0.3395792216069822,1,2,0,19,phi^-1 ~'= 1/3'
25,0.2059654416561898,1,2,0,19,phi^-1 ~'= 1/3'
1,1.8407634014772252,1,3,0,19,phi^-1 ~'= 1/3'
2,11.99267474786227,1,3,11,19,phi^-1 ~'= 1/3'
3,65.8448030303813,1,3,33,19,phi^-1 ~'= 1/3'
4,332.92357251135877,1,3,194,19,phi^-1 ~'= 1/3'
5,1196.6602601636155,1,3,832,19,phi^-1 ~'= 1/3'
6,1954.7095567272106,1,3,503,19,phi^-1 ~'= 1/3'
7,1526.185473904823,1,3,1995,19,phi^-1 ~'= 1/3'
8,947.1530341819916,1,3,1214,19,phi^-1 ~'= 1/3'
9,575.1895331044834,1,3,393,19,phi^-1 ~'= 1/3'
10,348.9044324647002,1,3,352,19,phi^-1 ~'= 1/3'
11,211.62470940737967,1,3,169,19,phi^-1 ~'= 1/3'
12,128.35754549572812,1,3,134,19,phi^-1 ~'= 1/3'
13,77.85298895564301,1,3,64,19,phi^-1 ~'= 1/3'
14,47.22030530052143,1,3,90,19,phi^-1 ~'= 1/3'
15,28.640600899463607,1,3,10,19,phi^-1 ~'= 1/3'
16,17.371422356508447,1,3,30,19,phi^-1 ~'= 1/3'
17,10.536311224567726,1,3,10,19,phi^-1 ~'= 1/3'
18,6.390602091135406,1,3,13,19,phi^-1 ~'= 1/3'
19,3.876099794341826,1,3,5,19,phi^-1 ~'= 1/3'
20,2.3509755600225617,1,3,4,19,phi^-1 ~'= 1/3'
21,1.4259400723476574,1,3,0,19,phi^-1 ~'= 1/3'
22,0.864877164468453,1,3,1,19,phi^-1 ~'= 1/3'
23,0.5245749951609469,1,3,0,19,phi^-1 ~'= 1/3'
24,0.31817110703013896,1,3,0,19,phi^-1 ~'= 1/3'
25,0.19298070653803734,1,3,0,19,phi^-1 ~'= 1/3'
1,1.864637021484108,1,4,3,19,phi^-1 ~'= 1/3'
2,12.428811326502142,1,4,15,19,phi^-1 ~'= 1/3'
3,69.5847003686196,1,4,96,19,phi^-1 ~'= 1/3'
4,356.52263070104726,1,4,195,19,phi^-1 ~'= 1/3'
5,1264.292060948966,1,4,963,19,phi^-1 ~'= 1/3'
6,1969.7036487819362,1,4,1499,19,phi^-1 ~'= 1/3'
7,1488.6776189189482,1,4,2375,19,phi^-1 ~'= 1/3'
8,918.7208658807958,1,4,997,19,phi^-1 ~'= 1/3'
9,557.6994419025395,1,4,304,19,phi^-1 ~'= 1/3'
10,338.28413469563475,1,4,337,19,phi^-1 ~'= 1/3'
11,205.1821039457509,1,4,204,19,phi^-1 ~'= 1/3'
12,124.44973779057545,1,4,112,19,phi^-1 ~'= 1/3'
13,75.48274200888591,1,4,33,19,phi^-1 ~'= 1/3'
14,45.78266395981973,1,4,14,19,phi^-1 ~'= 1/3'
15,27.768621661475663,1,4,27,19,phi^-1 ~'= 1/3'
16,16.84253753826306,1,4,6,19,phi^-1 ~'= 1/3'
17,10.215524985993397,1,4,12,19,phi^-1 ~'= 1/3'
18,6.196034645473446,1,4,8,19,phi^-1 ~'= 1/3'
19,3.758088242202575,1,4,8,19,phi^-1 ~'= 1/3'
20,2.2793976840230243,1,4,2,19,phi^-1 ~'= 1/3'
21,1.3825257470907673,1,4,4,19,phi^-1 ~'= 1/3'
22,0.8385449561183123,1,4,1,19,phi^-1 ~'= 1/3'
23,0.5086036499469628,1,4,0,19,phi^-1 ~'= 1/3'
24,0.308483964201514,1,4,0,19,phi^-1 ~'= 1/3'
25,0.18710513789028482,1,4,0,19,phi^-1 ~'= 1/3'
1,1.5851227216153134,1,1,1,20,phi^-1 ~'= 1/3'
2,8.83870458459217,1,1,5,20,phi^-1 ~'= 1/3'
3,41.73385526521061,1,1,26,20,phi^-1 ~'= 1/3'
4,188.36955387999848,1,1,129,20,phi^-1 ~'= 1/3'
5,713.2699385483762,1,1,1186,20,phi^-1 ~'= 1/3'
6,1630.5725813722852,1,1,1923,20,phi^-1 ~'= 1/3'
7,1778.6480099470982,1,1,622,20,phi^-1 ~'= 1/3'
8,1222.768154316257,1,1,1165,20,phi^-1 ~'= 1/3'
9,752.1726014094875,1,1,378,20,phi^-1 ~'= 1/3'
10,456.8665226256371,1,1,696,20,phi^-1 ~'= 1/3'
11,277.1593701362526,1,1,188,20,phi^-1 ~'= 1/3'
12,168.11330862637806,1,1,218,20,phi^-1 ~'= 1/3'
13,101.9674952018031,1,1,48,20,phi^-1 ~'= 1/3'
14,61.84689502429865,1,1,51,20,phi^-1 ~'= 1/3'
15,37.51222317054817,1,1,57,20,phi^-1 ~'= 1/3'
16,22.752398062900284,1,1,18,20,phi^-1 ~'= 1/3'
17,13.800070554881131,1,1,22,20,phi^-1 ~'= 1/3'
18,8.370190162286235,1,1,10,20,phi^-1 ~'= 1/3'
19,5.076791198549472,1,1,9,20,phi^-1 ~'= 1/3'
20,3.079238150312449,1,1,3,20,phi^-1 ~'= 1/3'
21,1.867657694099762,1,1,1,20,phi^-1 ~'= 1/3'
22,1.132795006464221,1,1,0,20,phi^-1 ~'= 1/3'
23,0.6870770204623113,1,1,0,20,phi^-1 ~'= 1/3'
24,0.4167346212325356,1,1,0,20,phi^-1 ~'= 1/3'
25,0.25276317741099774,1,1,0,20,phi^-1 ~'= 1/3'
1,1.7818413517227678,1,2,1,20,phi^-1 ~'= 1/3'
2,11.117557376401715,1,2,33,20,phi^-1 ~'= 1/3'
3,58.683439386138105,1,2,103,20,phi^-1 ~'= 1/3'
4,288.62106500799024,1,2,560,20,phi^-1 ~'= 1/3'
5,1061.5082610561785,1,2,751,20,phi^-1 ~'= 1/3'
6,1906.0225666201788,1,2,1114,20,phi^-1 ~'= 1/3'
7,1601.864827347118,1,2,2438,20,phi^-1 ~'= 1/3'
8,1009.4393886399021,1,2,245,20,phi^-1 ~'= 1/3'
9,613.8080972361795,1,2,555,20,phi^-1 ~'= 1/3'
10,372.3713711095261,1,2,425,20,phi^-1 ~'= 1/3'
11,225.86189548289985,1,2,111,20,phi^-1 ~'= 1/3'
12,136.9934007287966,1,2,278,20,phi^-1 ~'= 1/3'
13,83.09103161068197,1,2,86,20,phi^-1 ~'= 1/3'
14,50.397380932024134,1,2,101,20,phi^-1 ~'= 1/3'
15,30.567611534396747,1,2,12,20,phi^-1 ~'= 1/3'
16,18.540221224332527,1,2,20,20,phi^-1 ~'= 1/3'
17,11.245227597823032,1,2,11,20,phi^-1 ~'= 1/3'
18,6.820583810750577,1,2,3,20,phi^-1 ~'= 1/3'
19,4.136898146814929,1,2,5,20,phi^-1 ~'= 1/3'
20,2.509158490923255,1,2,2,20,phi^-1 ~'= 1/3'
21,1.5218833052122136,1,2,3,20,phi^-1 ~'= 1/3'
22,0.9230699374020332,1,2,0,20,phi^-1 ~'= 1/3'
23,0.559870852941458,1,2,0,20,phi^-1 ~'= 1/3'
24,0.3395792216069822,1,2,0,20,phi^-1 ~'= 1/3'
25,0.2059654416561898,1,2,0,20,phi^-1 ~'= 1/3'
1,1.8407634014772252,1,3,3,20,phi^-1 ~'= 1/3'
2,11.99267474786227,1,3,19,20,phi^-1 ~'= 1/3'
3,65.8448030303813,1,3,115,20,phi^-1 ~'= 1/3'
4,332.92357251135877,1,3,206,20,phi^-1 ~'= 1/3'
5,1196.6602601636155,1,3,1009,20,phi^-1 ~'= 1/3'
6,1954.7095567272106,1,3,2463,20,phi^-1 ~'= 1/3'
7,1526.185473904823,1,3,1644,20,phi^-1 ~'= 1/3'
8,947.1530341819916,1,3,727,20,phi^-1 ~'= 1/3'
9,575.1895331044834,1,3,187,20,phi^-1 ~'= 1/3'
10,348.9044324647002,1,3,460,20,phi^-1 ~'= 1/3'
11,211.62470940737967,1,3,449,20,phi^-1 ~'= 1/3'
12,128.35754549572812,1,3,120,20,phi^-1 ~'= 1/3'
13,77.85298895564301,1,3,137,20,phi^-1 ~'= 1/3'
14,47.22030530052143,1,3,53,20,phi^-1 ~'= 1/3'
15,28.640600899463607,1,3,5,20,phi^-1 ~'= 1/3'
16,17.371422356508447,1,3,14,20,phi^-1 ~'= 1/3'
17,10.536311224567726,1,3,18,20,phi^-1 ~'= 1/3'
18,6.390602091135406,1,3,2,20,phi^-1 ~'= 1/3'
19,3.876099794341826,1,3,4,20,phi^-1 ~'= 1/3'
20,2.3509755600225617,1,3,2,20,phi^-1 ~'= 1/3'
21,1.4259400723476574,1,3,2,20,phi^-1 ~'= 1/3'
22,0.864877164468453,1,3,1,20,phi^-1 ~'= 1/3'
23,0.5245749951609469,1,3,0,20,phi^-1 ~'= 1/3'
24,0.31817110703013896,1,3,0,20,phi^-1 ~'= 1/3'
25,0.19298070653803734,1,3,0,20,phi^-1 ~'= 1/3'
1,1.864637021484108,1,4,2,20,phi^-1 ~'= 1/3'
2,12.428811326502142,1,4,12,20,phi^-1 ~'= 1/3'
3,69.5847003686196,1,4,62,20,phi^-1 ~'= 1/3'
4,356.52263070104726,1,4,305,20,phi^-1 ~'= 1/3'
5,1264.292060948966,1,4,465,20,phi^-1 ~'= 1/3'
6,1969.7036487819362,1,4,3304,20,phi^-1 ~'= 1/3'
7,1488.6776189189482,1,4,1286,20,phi^-1 ~'= 1/3'
8,918.7208658807958,1,4,953,20,phi^-1 ~'= 1/3'
9,557.6994419025395,1,4,617,20,phi^-1 ~'= 1/3'
10,338.28413469563475,1,4,258,20,phi^-1 ~'= 1/3'
11,205.1821039457509,1,4,109,20,phi^-1 ~'= 1/3'
12,124.44973779057545,1,4,117,20,phi^-1 ~'= 1/3'
13,75.48274200888591,1,4,44,20,phi^-1 ~'= 1/3'
14,45.78266395981973,1,4,23,20,phi^-1 ~'= 1/3'
15,27.768621661475663,1,4,21,20,phi^-1 ~'= 1/3'
16,16.84253753826306,1,4,6,20,phi^-1 ~'= 1/3'
17,10.215524985993397,1,4,3,20,phi^-1 ~'= 1/3'
18,6.196034645473446,1,4,12,20,phi^-1 ~'= 1/3'
19,3.758088242202575,1,4,4,20,phi^-1 ~'= 1/3'
20,2.2793976840230243,1,4,3,20,phi^-1 ~'= 1/3'
21,1.3825257470907673,1,4,1,20,phi^-1 ~'= 1/3'
22,0.8385449561183123,1,4,0,20,phi^-1 ~'= 1/3'
23,0.5086036499469628,1,4,0,20,phi^-1 ~'= 1/3'
24,0.308483964201514,1,4,1,20,phi^-1 ~'= 1/3'
25,0.18710513789028482,1,4,0,20,phi^-1 ~'= 1/3'
